Feature ID	Taxon	Confidence
MJ010-1-barcode25-umi110055bins-ubs-5	d__Bacteria; p__Bacteroidota; c__Bacteroidia; o__Chitinophagales; f__Chitinophagaceae_966727; g__UBA1930; s__UBA1930 sp002337145	1.0
GB-GCA-910575245.1-CAJTEN010000081.1	d__Bacteria; p__Firmicutes_A; c__Clostridia_258483; o__Lachnospirales; f__Lachnospiraceae; g__UBA3282; s__UBA3282 sp003611805	1.0
G000091545	d__Bacteria; p__Deinococcota; c__Deinococci; o__Deinococcales; f__Thermaceae_405955; g__Thermus_A; s__Thermus_A thermophilus	1.0
MJ010-1-barcode30-umi146232bins-ubs-3	d__Bacteria; p__Firmicutes_A; c__Clostridia_258483; o__Lachnospirales; f__Lachnospiraceae; g__CAG-791; s__	1.0
KP276149	d__Bacteria; p__Actinobacteriota; c__Actinomycetia; o__Mycobacteriales; f__Mycobacteriaceae; g__Corynebacterium; s__Corynebacterium pollutisoli	1.0
MJ020-2-barcode64-umi1720bins-ubs-271	d__Bacteria; p__Firmicutes_A; c__Clostridia_258483; o__TANB77; f__CAG-508; g__CAG-269; s__CAG-269 sp000431335	1.0
RS-GCF-900637655.1-NZ-LR134384.1--3	d__Bacteria; p__Bacteroidota; c__Bacteroidia; o__Bacteroidales; f__Bacteroidaceae; g__Prevotella; s__Prevotella oris	1.0
G000403435	d__Bacteria; p__Firmicutes_A; c__Clostridia_258483; o__Oscillospirales; f__Oscillospiraceae_88309; g__Dysosmobacter; s__Dysosmobacter sp000403435	1.0
GB-GCA-910575565.1-CAJTFL010000070.1	d__Bacteria; p__Firmicutes_A; c__Clostridia_258483; o__Lachnospirales; f__Lachnospiraceae; g__Oribacterium; s__	1.0
RS-GCF-902167775.1-NZ-CABHND010000018.1	d__Bacteria; p__Actinobacteriota; c__Actinomycetia; o__Actinomycetales; f__Bifidobacteriaceae; g__Bifidobacterium_388775; s__Bifidobacterium longum	1.0
X72869	d__Bacteria; p__Firmicutes_A; c__Clostridia_258483; o__Clostridiales; f__Clostridiaceae_222000; g__Clostridium_H; s__Clostridium_H thermopalmarium	1.0
MJ020-2-barcode70-umi58745bins-ubs-8	d__Bacteria; p__Firmicutes_A; c__Clostridia_258483; o__Peptostreptococcales; f__Peptostreptococcaceae_256921; g__; s__	1.0
G001945605	d__Bacteria; p__Firmicutes_D; c__Bacilli; o__Erysipelotrichales; f__Erysipelotrichaceae; g__Dubosiella; s__Dubosiella newyorkensis	1.0
MJ010-1-barcode29-umi106793bins-ubs-6	d__Bacteria; p__Proteobacteria; c__Gammaproteobacteria; o__Burkholderiales_592522; f__Burkholderiaceae_A_592522; g__Comamonas_F_589250; s__Comamonas_F_589250 aquatica	1.0
RS-GCF-902806475.1-NZ-CADCWS010000431.1	d__Bacteria; p__Cyanobacteria; c__Cyanobacteriia; o__Cyanobacteriales; f__Coleofasciculaceae_23353; g__SIO2C1; s__SIO2C1 sp010672925	1.0
RS-GCF-001653035.1-NZ-BCWH01000025.1	d__Bacteria; p__Actinobacteriota; c__Actinomycetia; o__Mycobacteriales; f__Mycobacteriaceae; g__Rhodococcus_C_375578; s__	1.0
MJ030-1-barcode25-umi86704bins-ubs-4	d__Bacteria; p__Proteobacteria; c__Gammaproteobacteria; o__Burkholderiales_597432; f__Rhodocyclaceae; g__; s__	1.0
RS-GCF-003467265.1-NZ-QSFX01000082.1	d__Bacteria; p__Firmicutes_A; c__Clostridia_258483; o__Lachnospirales; f__Lachnospiraceae; g__Roseburia; s__Roseburia inulinivorans	1.0
GB-GCA-900769465.1-CAAGGT010000049.1	d__Bacteria; p__Bacteroidota; c__Bacteroidia; o__Bacteroidales; f__UBA932; g__Cryptobacteroides; s__Cryptobacteroides sp902787255	1.0
MJ006-2-barcode67-umi1509bins-ubs-57	d__Bacteria; p__Firmicutes_A; c__Clostridia_258483; o__Christensenellales; f__CAG-74; g__; s__	1.0
GB-GCA-003612395.1-RAYQ01000068.1	d__Bacteria; p__Firmicutes_A; c__Clostridia_258483; o__Lachnospirales; f__Lachnospiraceae; g__Kineothrix; s__Kineothrix sp000403275	1.0
GB-GCA-910575255.1-CAJTEM010000078.1	d__Bacteria; p__Firmicutes_A; c__Clostridia_258483; o__Lachnospirales; f__Lachnospiraceae; g__Ventrimonas; s__Ventrimonas sp003611875	1.0
RS-GCF-001807075.1-NZ-KV787400.1	d__Bacteria; p__Actinobacteriota; c__Actinomycetia; o__Mycobacteriales; f__Mycobacteriaceae; g__Corynebacterium; s__Corynebacterium amycolatum_A	1.0
RS-GCF-000759555.1-NZ-CP009046.1--4	d__Bacteria; p__Firmicutes_D; c__Bacilli; o__Staphylococcales; f__Staphylococcaceae; g__Staphylococcus; s__	1.0
MJ007-1-barcode49-umi16771bins-ubs-14	d__Bacteria; p__Bacteroidota; c__Bacteroidia; o__Bacteroidales; f__Dysgonomonadaceae; g__Fermentimonas_862735; s__	1.0
RS-GCF-001046315.1-NZ-LAMN01000033.1	d__Bacteria; p__Firmicutes_D; c__Bacilli; o__Staphylococcales; f__Staphylococcaceae; g__Staphylococcus; s__	1.0
MJ006-2-barcode74-umi154387bins-ubs-3	d__Bacteria; p__Bacteroidota; c__Bacteroidia; o__Bacteroidales; f__Bacteroidaceae; g__Prevotella; s__Prevotella pallens	1.0
RS-GCF-910574405.1-NZ-CAJTAQ010000093.1	d__Bacteria; p__Firmicutes_D; c__Bacilli; o__Lactobacillales; f__Lactobacillaceae; g__Ligilactobacillus; s__	1.0
HM120210	d__Bacteria; p__Firmicutes_A; c__Clostridia_258483; o__Lachnospirales; f__Lachnospiraceae; g__Oribacterium; s__Oribacterium parvum	1.0
GB-GCA-009911555.1-QWKE01000141.1	d__Bacteria; p__Bacteroidota; c__Bacteroidia; o__Bacteroidales; f__Muribaculaceae; g__Duncaniella; s__Duncaniella muris	1.0
MG931004	d__Bacteria; p__Firmicutes_D; c__Bacilli; o__Erysipelotrichales; f__Erysipelotrichaceae; g__Absicoccus; s__Absicoccus porci	1.0
GB-GCA-013303885.1-JAAISE010000123.1	d__Bacteria; p__Firmicutes_A; c__Clostridia_258483; o__Lachnospirales; f__Lachnospiraceae; g__Agathobacter_164117; s__Agathobacter rectalis	1.0
RS-GCF-013408445.1-NZ-JACBZL010000001.1--4	d__Bacteria; p__Actinobacteriota; c__Actinomycetia; o__Mycobacteriales; f__Mycobacteriaceae; g__Corynebacterium; s__Corynebacterium tuberculostearicum	1.0
MJ006-1-barcode39-umi161269bins-ubs-3	d__Bacteria; p__Proteobacteria; c__Gammaproteobacteria; o__Enterobacterales_A_737866; f__Pasteurellaceae; g__Haemophilus_D_735815; s__Haemophilus_D_735815 parainfluenzae	1.0
KR364783	d__Bacteria; p__Proteobacteria; c__Gammaproteobacteria; o__Enterobacterales_A_737866; f__Pasteurellaceae; g__Rodentibacter_A_734545; s__Rodentibacter_A_734545 heylii	1.0
MJ007-1-barcode42-umi2642bins-ubs-102	d__Bacteria; p__Firmicutes_A; c__Clostridia_258483; o__Tissierellales; f__Peptoniphilaceae; g__Neofamilia; s__Neofamilia massiliensis	1.0
AEPS01000017	d__Bacteria; p__Proteobacteria; c__Gammaproteobacteria; o__Enterobacterales_A_737866; f__Pasteurellaceae; g__Aggregatibacter_736122; s__Aggregatibacter segnis	1.0
MG970328	d__Bacteria; p__Bacteroidota; c__Bacteroidia; o__Bacteroidales; f__Muribaculaceae; g__Duncaniella; s__Duncaniella muris	1.0
MJ006-1-barcode39-umi233032bins-ubs-3	d__Bacteria; p__Firmicutes_A; c__Clostridia_258483; o__Oscillospirales; f__Ruminococcaceae; g__Gemmiger_A_73129; s__	1.0
GB-GCA-016742415.1-JAEPEL010000544.1	d__Bacteria; p__Firmicutes_A; c__Clostridia_258483; o__Clostridiales; f__Clostridiaceae_222000; g__Clostridium_T; s__Clostridium_T saudiense	1.0
GB-GCA-003072625.1-CP027805.1	d__Bacteria; p__Firmicutes_D; c__Bacilli; o__Lactobacillales; f__Lactobacillaceae; g__Limosilactobacillus; s__Limosilactobacillus reuteri	1.0
RS-GCF-016890195.1-NZ-JAFEMM010000052.1	d__Bacteria; p__Proteobacteria; c__Gammaproteobacteria; o__Pseudomonadales_650611; f__Pseudomonadaceae; g__Pseudomonas_E_647464; s__Pseudomonas_E_647464 cremoris	1.0
GB-GCA-015260405.1-JABZWS010000010.1	d__Bacteria; p__Bacteroidota; c__Bacteroidia; o__Bacteroidales; f__Bacteroidaceae; g__Prevotella; s__Prevotella melaninogenica	1.0
RS-GCF-004766125.1-NZ-SJSA01000001.1	d__Bacteria; p__Bacteroidota; c__Bacteroidia; o__Bacteroidales; f__Muribaculaceae; g__Duncaniella; s__Duncaniella freteri	1.0
RS-GCF-017776345.1-NZ-JAFIQO010000082.1	d__Bacteria; p__Firmicutes_A; c__Clostridia_258483; o__Lachnospirales; f__Lachnospiraceae; g__Anaerobutyricum; s__Anaerobutyricum soehngenii	1.0
RS-GCF-900291485.1-NZ-OLKO01000008.1	d__Bacteria; p__Firmicutes_A; c__Clostridia_258483; o__Oscillospirales; f__Acutalibacteraceae; g__Ruminococcus_E; s__Ruminococcus_E bromii_B	1.0
MJ034-1-barcode41-umi9165bins-ubs-45	d__Bacteria; p__Cyanobacteria; c__Cyanobacteriia; o__Cyanobacteriales; f__Microcoleaceae; g__Microcoleus; s__	1.0
G009917455	d__Bacteria; p__Firmicutes_A; c__Clostridia_258483; o__Lachnospirales; f__Lachnospiraceae; g__CAG-95; s__CAG-95 sp009917455	1.0
RS-GCF-004301805.1-NZ-ML151226.1	d__Bacteria; p__Firmicutes_D; c__Bacilli; o__Lactobacillales; f__Lactobacillaceae; g__Lactiplantibacillus; s__	1.0
MJ006-2-barcode74-umi245472bins-ubs-3	d__Bacteria; p__Firmicutes_D; c__Bacilli; o__Lactobacillales; f__Streptococcaceae; g__Streptococcus; s__	1.0
G000779535	d__Bacteria; p__Proteobacteria; c__Gammaproteobacteria; o__Enterobacterales_A_737866; f__Enterobacteriaceae_A; g__Escherichia_710834; s__	1.0
MJ005-barcode74-umi24861bins-ubs-10	d__Bacteria; p__Firmicutes_A; c__Clostridia_258483; o__Lachnospirales; f__Lachnospiraceae; g__AM51-8; s__AM51-8 sp003478275	1.0
RS-GCF-011397855.1-NZ-AP022642.1--3	d__Bacteria; p__Proteobacteria; c__Gammaproteobacteria; o__Pseudomonadales_650611; f__Pseudomonadaceae; g__Pseudomonas_E_650326; s__Pseudomonas_E_650326 otitidis	1.0
RS-GCF-000638195.1-NZ-KK222211.1	d__Bacteria; p__Firmicutes_D; c__Bacilli; o__Staphylococcales; f__Staphylococcaceae; g__Staphylococcus; s__Staphylococcus aureus_317625	1.0
RS-GCF-009649595.1-NZ-WJMW01000079.1	d__Bacteria; p__Firmicutes_D; c__Bacilli; o__Lactobacillales; f__Lactobacillaceae; g__Limosilactobacillus; s__Limosilactobacillus reuteri	1.0
AJ270490	d__Bacteria; p__Firmicutes_A; c__Clostridia_258483; o__Lachnospirales; f__Lachnospiraceae; g__Anaerobutyricum; s__Anaerobutyricum soehngenii	1.0
AF127912	d__Bacteria; p__Campylobacterota; c__Campylobacteria; o__Campylobacterales; f__Helicobacteraceae; g__Helicobacter_C_479931; s__Helicobacter_C_479931 typhlonius	1.0
GB-GCA-905212915.1-CAJMGJ010000030.1	d__Bacteria; p__Firmicutes_A; c__Clostridia_258483; o__Oscillospirales; f__Oscillospiraceae_88309; g__ER4; s__ER4 sp000765235	1.0
G000022965	d__Bacteria; p__Actinobacteriota; c__Actinomycetia; o__Actinomycetales; f__Bifidobacteriaceae; g__Bifidobacterium_388775; s__Bifidobacterium animalis	1.0
GB-GCA-900767615.1-CAAFZU010000193.1	d__Bacteria; p__Firmicutes_D; c__Bacilli; o__Lactobacillales; f__Streptococcaceae; g__Streptococcus; s__	1.0
MJ006-2-barcode60-umi189791bins-ubs-4	d__Bacteria; p__Firmicutes_A; c__Clostridia_258483; o__Lachnospirales; f__Lachnospiraceae; g__; s__	1.0
MJ006-1-barcode39-umi145585bins-ubs-3	d__Bacteria; p__Firmicutes_A; c__Clostridia_258483; o__Christensenellales; f__CAG-74; g__Onthenecus; s__	1.0
AB547664	d__Bacteria; p__Bacteroidota; c__Bacteroidia; o__Bacteroidales; f__Porphyromonadaceae; g__Porphyromonas_A_859426; s__Porphyromonas_A_859426 levii	1.0
G900106785	d__Bacteria; p__Bacteroidota; c__Bacteroidia; o__Bacteroidales; f__Bacteroidaceae; g__Alloprevotella; s__Alloprevotella timonensis	1.0
MG970331	d__Bacteria; p__Bacteroidota; c__Bacteroidia; o__Bacteroidales; f__Muribaculaceae; g__Paramuribaculum; s__Paramuribaculum intestinale	1.0
RS-GCF-000159455.2-NC-015697.1--2	d__Bacteria; p__Firmicutes_D; c__Bacilli; o__Lactobacillales; f__Lactobacillaceae; g__Limosilactobacillus; s__Limosilactobacillus reuteri	1.0
MJ030-1-barcode26-umi68245bins-ubs-6	d__Bacteria; p__Firmicutes_D; c__Bacilli; o__Lactobacillales; f__Lactobacillaceae; g__Limosilactobacillus; s__Limosilactobacillus reuteri	1.0
MJ020-2-barcode50-umi6607bins-ubs-83	d__Bacteria; p__Firmicutes_A; c__Clostridia_258483; o__TANB77; f__CAG-508; g__CAG-269; s__CAG-269 sp000431335	1.0
RS-GCF-013096895.1-NZ-SDLE01000084.1	d__Bacteria; p__Firmicutes_D; c__Bacilli; o__Bacillales_B_306089; f__Anoxybacillaceae; g__Parageobacillus_294458; s__Parageobacillus toebii	1.0
MJ010-2-barcode55-umi156506bins-ubs-3	d__Bacteria; p__Firmicutes_A; c__Clostridia_258483; o__; f__; g__; s__	1.0
GB-GCA-905233145.1-CAJODI010000007.1	d__Bacteria; p__Firmicutes_A; c__Clostridia_258483; o__Oscillospirales; f__Acutalibacteraceae; g__Ruminococcus_E; s__Ruminococcus_E sp900314705	1.0
GB-GCA-014647715.1-BMPS01000099.1	d__Bacteria; p__Proteobacteria; c__Gammaproteobacteria; o__Pseudomonadales_660879; f__Moraxellaceae; g__; s__	1.0
GB-GCA-910575345.1-CAJTDZ010000056.1	d__Bacteria; p__Firmicutes_A; c__Clostridia_258483; o__Lachnospirales; f__Lachnospiraceae; g__UBA3282; s__UBA3282 sp003611805	1.0
AJ315980	d__Bacteria; p__Firmicutes_A; c__Clostridia_258483; o__Oscillospirales; f__Ruminococcaceae; g__Anaerotruncus; s__Anaerotruncus colihominis	1.0
MJ032-2-barcode66-umi22233bins-ubs-24	d__Bacteria; p__Firmicutes_A; c__Clostridia_258483; o__TANB77; f__CAG-508; g__; s__	1.0
RS-GCF-002374125.1-NZ-MWRO01000027.1	d__Bacteria; p__Firmicutes_D; c__Bacilli; o__Staphylococcales; f__Staphylococcaceae; g__Staphylococcus; s__	1.0
RS-GCF-000428105.1-NZ-ATZH01000071.1	d__Bacteria; p__Bacteroidota; c__Bacteroidia; o__Bacteroidales; f__Bacteroidaceae; g__Bacteroides_H; s__Bacteroides_H pyogenes_A	1.0
MJ032-2-barcode65-umi87563bins-ubs-3	d__Bacteria; p__Firmicutes_A; c__Clostridia_258483; o__Lachnospirales; f__Lachnospiraceae; g__Eubacterium_F; s__Eubacterium_F sp003491505	1.0
RS-GCF-001510975.1-NZ-CZPS01000041.1	d__Bacteria; p__Firmicutes_D; c__Bacilli; o__Lactobacillales; f__Lactobacillaceae; g__Lactobacillus; s__Lactobacillus delbrueckii	1.0
MJ006-1-barcode32-umi1743bins-ubs-41	d__Bacteria; p__Firmicutes_A; c__Clostridia_258483; o__TANB77; f__CAG-508; g__CAG-273; s__	1.0
MT393596	d__Bacteria; p__Proteobacteria; c__Alphaproteobacteria; o__Rhizobiales_A_504705; f__Xanthobacteraceae_503485; g__Bradyrhizobium; s__Bradyrhizobium hipponense	1.0
GB-GCA-009911175.1-QXWX01000261.1	d__Bacteria; p__Firmicutes_A; c__Clostridia_258483; o__Lachnospirales; f__Lachnospiraceae; g__Schaedlerella; s__	1.0
MJ010-2-barcode55-umi155252bins-ubs-3	d__Bacteria; p__Firmicutes_A; c__Clostridia_258483; o__Lachnospirales; f__Lachnospiraceae; g__Lachnospira; s__	1.0
RS-GCF-012584445.1-NZ-JABAHI010000010.1	d__Bacteria; p__Actinobacteriota; c__Coriobacteriia; o__Coriobacteriales; f__Atopobiaceae; g__NM07-P-09; s__	1.0
MJ030-1-barcode42-umi106475bins-ubs-3	d__Bacteria; p__Proteobacteria; c__Gammaproteobacteria; o__Burkholderiales_592524; f__Burkholderiaceae_A_574934; g__Noviherbaspirillum_A_568104; s__Noviherbaspirillum_A_568104 psychrotolerans	1.0
G000223155	d__Bacteria; p__Firmicutes_D; c__Bacilli; o__Bacillales_B_302584; f__Bacillaceae_C; g__Weizmannia; s__Weizmannia coagulans	1.0
RS-GCF-018531105.1-NZ-JAHDJN010000051.1	d__Bacteria; p__Firmicutes_D; c__Bacilli; o__Lactobacillales; f__Streptococcaceae; g__Streptococcus; s__	1.0
MJ007-1-barcode38-umi36545bins-ubs-4	d__Bacteria; p__Actinobacteriota; c__Actinomycetia; o__Mycobacteriales; f__Mycobacteriaceae; g__Corynebacterium; s__Corynebacterium casei	1.0
MJ032-2-barcode66-umi64597bins-ubs-6	d__Bacteria; p__Firmicutes_A; c__Clostridia_258483; o__Lachnospirales; f__Anaerotignaceae; g__Coprocola; s__	1.0
RS-GCF-003061685.1-NZ-QAHC01000064.1	d__Bacteria; p__Firmicutes_D; c__Bacilli; o__Lactobacillales; f__Lactobacillaceae; g__Limosilactobacillus; s__Limosilactobacillus reuteri	1.0
MJ020-2-barcode50-umi5426bins-ubs-101	d__Bacteria; p__Firmicutes_D; c__Bacilli; o__Lactobacillales; f__Carnobacteriaceae; g__Atopostipes; s__Atopostipes suicloacalis	1.0
G001068545	d__Bacteria; p__Firmicutes_D; c__Bacilli; o__Staphylococcales; f__Staphylococcaceae; g__Staphylococcus; s__Staphylococcus epidermidis_318824	1.0
MJ034-2-barcode71-umi4296bins-ubs-70	d__Bacteria; p__Bacteroidota; c__Bacteroidia; o__Flavobacteriales_877923; f__Weeksellaceae; g__Chryseobacterium_796614; s__Chryseobacterium hagamense	1.0
AY162221	d__Bacteria; p__Fusobacteriota; c__Fusobacteriia; o__Fusobacteriales_993521; f__Fusobacteriaceae_993521; g__Fusobacterium_C; s__Fusobacterium_C canifelinum	1.0
MJ030-2-barcode73-umi8567bins-ubs-55	d__Bacteria; p__Firmicutes_A; c__Clostridia_258483; o__Christensenellales; f__Borkfalkiaceae; g__Borkfalkia; s__	1.0
RS-GCF-002253875.1-NZ-NGPJ01000047.1	d__Bacteria; p__Firmicutes_D; c__Bacilli; o__Lactobacillales; f__Lactobacillaceae; g__Limosilactobacillus; s__Limosilactobacillus reuteri	1.0
RS-GCF-003671855.1-NZ-RAZM01000129.1	d__Bacteria; p__Bacteroidota; c__Bacteroidia; o__Bacteroidales; f__Bacteroidaceae; g__Bacteroides_H; s__Bacteroides_H acidifaciens	1.0
MJ010-1-barcode30-umi133808bins-ubs-4	d__Bacteria; p__Firmicutes_A; c__Clostridia_258483; o__Oscillospirales; f__Oscillospiraceae_88309; g__; s__	1.0
MJ030-1-barcode41-umi99947bins-ubs-3	d__Bacteria; p__Firmicutes_A; c__Clostridia_258483; o__Oscillospirales; f__Oscillospiraceae_88309; g__Enterenecus; s__Enterenecus sp004560375	1.0
MJ007-1-barcode38-umi6456bins-ubs-48	d__Bacteria; p__Firmicutes_D; c__Bacilli; o__Lactobacillales; f__Carnobacteriaceae; g__Desemzia; s__Desemzia incerta	1.0
G000297495	d__Bacteria; p__Actinobacteriota; c__Actinomycetia; o__Actinomycetales; f__Dermatophilaceae_390796; g__Janibacter_A_390549; s__Janibacter_A_390549 hoylei	1.0
G001916865	d__Bacteria; p__Firmicutes_C; c__Negativicutes; o__Acidaminococcales; f__Acidaminococcaceae; g__Phascolarctobacterium_A; s__Phascolarctobacterium_A succinatutens	1.0
AB018439	d__Bacteria; p__Proteobacteria; c__Alphaproteobacteria; o__Sphingomonadales; f__Sphingomonadaceae; g__Sphingomonas_L_486704; s__Sphingomonas_L_486704 oligophenolica	1.0
RS-GCF-001807555.1-NZ-KV789353.1	d__Bacteria; p__Actinobacteriota; c__Actinomycetia; o__Actinomycetales; f__Brevibacteriaceae; g__Brevibacterium; s__Brevibacterium ravenspurgense	1.0
AB547685	d__Bacteria; p__Bacteroidota; c__Bacteroidia; o__Bacteroidales; f__Bacteroidaceae; g__Prevotella; s__Prevotella histicola	1.0
MJ030-2-barcode59-umi110917bins-ubs-3	d__Bacteria; p__Actinobacteriota; c__Actinomycetia; o__Mycobacteriales; f__Mycobacteriaceae; g__Lawsonella; s__	1.0
MJ010-2-barcode55-umi112031bins-ubs-4	d__Bacteria; p__Firmicutes_A; c__Clostridia_258483; o__Oscillospirales; f__Oscillospiraceae_88309; g__Faecousia; s__Faecousia sp000434635	1.0
MJ007-1-barcode49-umi27097bins-ubs-7	d__Bacteria; p__Firmicutes_D; c__Bacilli; o__Haloplasmatales_A; f__Turicibacteraceae; g__Turicibacter; s__Turicibacter sp001543345	1.0
G011959405	d__Bacteria; p__Bacteroidota; c__Bacteroidia; o__Bacteroidales; f__Muribaculaceae; g__UBA3263; s__UBA3263 sp001689615	1.0
MJ006-2-barcode64-umi201353bins-ubs-3	d__Bacteria; p__Firmicutes_A; c__Clostridia_258483; o__Peptostreptococcales; f__Anaerovoracaceae; g__Copromorpha; s__	1.0
RS-GCF-003121625.1-NZ-QDDJ01000039.1	d__Bacteria; p__Firmicutes_D; c__Bacilli; o__Bacillales_B_306089; f__Bacillaceae_H_294103; g__Bacillus_P_294101; s__Bacillus_P_294101 subtilis_291504	1.0
RS-GCF-000204355.1-NZ-GL883585.1	d__Bacteria; p__Firmicutes_D; c__Bacilli; o__Staphylococcales; f__Gemellaceae; g__Gemella; s__	1.0
RS-GCF-001596485.1-NZ-LVEA01000047.1	d__Bacteria; p__Fusobacteriota; c__Fusobacteriia; o__Fusobacteriales_993521; f__Fusobacteriaceae_993521; g__Fusobacterium_C; s__Fusobacterium_C necrophorum	1.0
MJ030-1-barcode41-umi15828bins-ubs-33	d__Bacteria; p__Firmicutes_D; c__Bacilli; o__Lactobacillales; f__Lactobacillaceae; g__Limosilactobacillus; s__	1.0
RS-GCF-901971765.1-NZ-CABFNG010000152.1	d__Bacteria; p__Firmicutes_D; c__Bacilli; o__Lactobacillales; f__Lactobacillaceae; g__Limosilactobacillus; s__Limosilactobacillus reuteri	1.0
RS-GCF-000804465.1-NZ-AYPT01000053.1	d__Bacteria; p__Firmicutes_D; c__Bacilli; o__Staphylococcales; f__Staphylococcaceae; g__Staphylococcus; s__	1.0
G902167945	d__Bacteria; p__Firmicutes_A; c__Clostridia_258483; o__Lachnospirales; f__Lachnospiraceae; g__Blautia_A_141781; s__Blautia_A_141781 massiliensis	1.0
RS-GCF-000165775.1-NC-018528.1--4	d__Bacteria; p__Firmicutes_D; c__Bacilli; o__Lactobacillales; f__Lactobacillaceae; g__Lactobacillus; s__Lactobacillus helveticus	1.0
MJ010-1-barcode30-umi105810bins-ubs-5	d__Bacteria; p__Firmicutes_A; c__Clostridia_258483; o__Lachnospirales; f__Lachnospiraceae; g__Roseburia; s__Roseburia intestinalis	1.0
RS-GCF-000257925.1-NZ-AJIN01000009.1	d__Bacteria; p__Bacteroidota; c__Bacteroidia; o__Bacteroidales; f__Bacteroidaceae; g__Prevotella; s__Prevotella vespertina	1.0
GB-GCA-016405355.1-JAEKDH010000013.1	d__Bacteria; p__Bacteroidota; c__Bacteroidia; o__Bacteroidales; f__Muribaculaceae; g__UBA7173; s__UBA7173 sp002491305	1.0
MJ010-2-barcode55-umi103629bins-ubs-5	d__Bacteria; p__Firmicutes_A; c__Clostridia_258483; o__Oscillospirales; f__Ruminococcaceae; g__Ruminococcus_C_59129; s__	1.0
MJ009-1-barcode25-umi17781bins-ubs-23	d__Bacteria; p__Firmicutes_A; c__Clostridia_258483; o__Oscillospirales; f__Ruminococcaceae; g__Ruminococcus_C_59129; s__	1.0
MH636880	d__Bacteria; p__Proteobacteria; c__Alphaproteobacteria; o__Sphingomonadales; f__Sphingomonadaceae; g__Sphingomonas_L_486704; s__Sphingomonas_L_486704 aracearum	1.0
MJ007-1-barcode42-umi15138bins-ubs-18	d__Bacteria; p__Firmicutes_A; c__Clostridia_258483; o__Saccharofermentanales; f__DTU023; g__; s__	1.0
MJ009-1-barcode48-umi63386bins-ubs-5	d__Bacteria; p__Firmicutes_B_370539; c__Peptococcia; o__Peptococcales; f__Peptococcaceae_369362; g__Peptococcus; s__Peptococcus niger	1.0
RS-GCF-006874665.1-NZ-CP030089.1--4	d__Bacteria; p__Firmicutes_D; c__Bacilli; o__Lactobacillales; f__Lactobacillaceae; g__Limosilactobacillus; s__Limosilactobacillus reuteri	1.0
MJ032-2-barcode65-umi89846bins-ubs-3	d__Bacteria; p__Firmicutes_A; c__Clostridia_258483; o__Lachnospirales; f__Lachnospiraceae; g__COE1; s__	1.0
MJ032-2-barcode66-umi14404bins-ubs-33	d__Bacteria; p__Firmicutes_A; c__Clostridia_258483; o__Oscillospirales; f__Acutalibacteraceae; g__Eubacterium_R; s__Eubacterium_R sp000436835	1.0
RS-GCF-000311945.1-NZ-AMQW01000042.1	d__Bacteria; p__Firmicutes_D; c__Bacilli; o__Lactobacillales; f__Lactobacillaceae; g__Lacticaseibacillus; s__Lacticaseibacillus rhamnosus	1.0
RS-GCF-000021425.1-NC-011835.1	d__Bacteria; p__Actinobacteriota; c__Actinomycetia; o__Actinomycetales; f__Bifidobacteriaceae; g__Bifidobacterium_388775; s__Bifidobacterium animalis	1.0
MJ020-2-barcode50-umi31971bins-ubs-16	d__Bacteria; p__Firmicutes_A; c__Clostridia_258483; o__TANB77; f__CAG-508; g__; s__	1.0
RS-GCF-000466725.1-NZ-ANNJ01000041.1	d__Bacteria; p__Campylobacterota; c__Campylobacteria; o__Campylobacterales; f__Campylobacteraceae; g__Campylobacter_A; s__	1.0
MJ009-1-barcode35-umi47795bins-ubs-7	d__Bacteria; p__Firmicutes_D; c__Bacilli; o__Lactobacillales; f__Lactobacillaceae; g__Ligilactobacillus; s__	1.0
GB-GCA-910574715.1-CAJTCH010000056.1	d__Bacteria; p__Firmicutes_A; c__Clostridia_258483; o__Lachnospirales; f__Lachnospiraceae; g__Sporofaciens; s__	1.0
GB-GCA-013416435.1-JACCEN010000007.1	d__Bacteria; p__Proteobacteria; c__Gammaproteobacteria; o__Burkholderiales_595422; f__Burkholderiaceae_A_595422; g__Parapusillimonas; s__	1.0
MJ030-1-barcode27-umi20963bins-ubs-24	d__Bacteria; p__Firmicutes_D; c__Bacilli; o__Lactobacillales; f__Lactobacillaceae; g__Lactiplantibacillus; s__	1.0
MJ006-2-barcode52-umi188619bins-ubs-3	d__Bacteria; p__Firmicutes_D; c__Bacilli; o__Lactobacillales; f__Streptococcaceae; g__Streptococcus; s__	1.0
GB-GCA-004793585.1-SRZB01000113.1	d__Bacteria; p__Firmicutes_A; c__Clostridia_258483; o__Lachnospirales; f__Lachnospiraceae; g__CAG-56; s__CAG-56 sp004793585	1.0
MJ005-barcode27-umi70850bins-ubs-3	d__Bacteria; p__Firmicutes_A; c__Clostridia_258483; o__Lachnospirales; f__Lachnospiraceae; g__Bariatricus; s__	1.0
RS-GCF-001406755.1-NZ-CZBX01000028.1	d__Bacteria; p__Firmicutes_A; c__Clostridia_258483; o__Oscillospirales; f__Ruminococcaceae; g__Faecalibacterium; s__	1.0
MJ020-1-barcode34-umi83437bins-ubs-4	d__Bacteria; p__Firmicutes_A; c__Clostridia_258483; o__Clostridiales; f__Clostridiaceae_222000; g__Clostridium_T; s__Clostridium_T sartagoforme_A	1.0
GB-GCA-003833095.1-RIBN01000070.1	d__Bacteria; p__Bacteroidota; c__Bacteroidia; o__Bacteroidales; f__Muribaculaceae; g__CAG-485; s__CAG-485 sp002362485	1.0
KC508872	d__Bacteria; p__Proteobacteria; c__Alphaproteobacteria; o__Rhizobiales_A_504705; f__Xanthobacteraceae_503485; g__Bradyrhizobium; s__Bradyrhizobium nanningense	1.0
AY188353	d__Bacteria; p__Firmicutes_D; c__Bacilli; o__Lactobacillales; f__Streptococcaceae; g__Streptococcus; s__Streptococcus vestibularis	1.0
Y17300	d__Bacteria; p__Firmicutes_D; c__Bacilli; o__Lactobacillales; f__Carnobacteriaceae; g__Desemzia; s__Desemzia incerta	1.0
RS-GCF-014879275.1-NZ-CP062497.1--10	d__Bacteria; p__Firmicutes_D; c__Bacilli; o__Bacillales_B_306089; f__Bacillaceae_H_294103; g__Bacillus_P_294101; s__Bacillus_P_294101 subtilis_291504	1.0
MJ006-2-barcode60-umi107919bins-ubs-4	d__Bacteria; p__Firmicutes_C; c__Negativicutes; o__Veillonellales; f__Dialisteraceae; g__Dialister; s__Dialister sp900543165	1.0
KF447772	d__Bacteria; p__Firmicutes_A; c__Clostridia_258483; o__Oscillospirales; f__Oscillospiraceae_88309; g__Lawsonibacter; s__Lawsonibacter butyricus	1.0
GB-GCA-000529385.1-CBVR010000030.1	d__Bacteria; p__Firmicutes_D; c__Bacilli; o__Lactobacillales; f__Lactobacillaceae; g__Ligilactobacillus; s__Ligilactobacillus salivarius	1.0
GB-GCA-910576865.1-CAJTKE010000008.1	d__Bacteria; p__Firmicutes_A; c__Clostridia_258483; o__Oscillospirales; f__Oscillospiraceae_88309; g__Dysosmobacter; s__Dysosmobacter sp000403435	1.0
MJ006-2-barcode53-umi169819bins-ubs-4	d__Bacteria; p__Firmicutes_A; c__Clostridia_258483; o__Peptostreptococcales; f__Peptostreptococcaceae_256921; g__Romboutsia_B; s__Romboutsia_B ilealis	1.0
FJ267649	d__Bacteria; p__Proteobacteria; c__Gammaproteobacteria; o__Burkholderiales_592524; f__Burkholderiaceae_A_574934; g__Herbaspirillum; s__Herbaspirillum aquaticum	1.0
G009911305	d__Bacteria; p__Firmicutes_A; c__Clostridia_258483; o__Lachnospirales; f__Lachnospiraceae; g__Clostridium_Q_134526; s__Clostridium_Q_134526 sp009911305	1.0
MJ009-1-barcode25-umi29507bins-ubs-12	d__Bacteria; p__Firmicutes_A; c__Clostridia_258483; o__Lachnospirales; f__Lachnospiraceae; g__Oribacterium; s__	1.0
MJ020-2-barcode70-umi21975bins-ubs-25	d__Bacteria; p__Firmicutes_D; c__Bacilli; o__Lactobacillales; f__Aerococcaceae; g__Fundicoccus; s__	1.0
RS-GCF-013417935.1-NZ-VPCZ01000030.1	d__Bacteria; p__Proteobacteria; c__Gammaproteobacteria; o__Pseudomonadales_660879; f__Moraxellaceae; g__Acinetobacter; s__Acinetobacter indicus	1.0
MJ031-2-barcode74-umi25274bins-ubs-16	d__Bacteria; p__Firmicutes_A; c__Clostridia_258483; o__Lachnospirales; f__Lachnospiraceae; g__COE1; s__	1.0
RS-GCF-902160305.1-NZ-CABGND010000002.1	d__Bacteria; p__Firmicutes_D; c__Bacilli; o__Lactobacillales; f__Enterococcaceae; g__Enterococcus_B; s__	1.0
MJ030-2-barcode60-umi1923bins-ubs-112	d__Bacteria; p__Firmicutes_A; c__Clostridia_258483; o__Peptostreptococcales; f__Peptostreptococcaceae_256921; g__Paraclostridium; s__Paeniclostridium ghonii	1.0
RS-GCF-004114715.1-NZ-CP035305.1--7	d__Bacteria; p__Firmicutes_D; c__Bacilli; o__Bacillales_B_302584; f__Bacillaceae_C; g__Weizmannia; s__Weizmannia coagulans	1.0
MJ006-1-barcode32-umi53671bins-ubs-8	d__Bacteria; p__Firmicutes_D; c__Bacilli; o__Lactobacillales; f__Streptococcaceae; g__Streptococcus; s__Streptococcus vestibularis	1.0
GB-GCA-910575495.1-CAJTFS010000013.1	d__Bacteria; p__Bacteroidota; c__Bacteroidia; o__Bacteroidales; f__Rikenellaceae; g__Alistipes_A_871400; s__	1.0
MJ034-1-barcode31-umi29317bins-ubs-6	d__Bacteria; p__Proteobacteria; c__Gammaproteobacteria; o__Steroidobacterales; f__Steroidobacteraceae; g__; s__	1.0
RS-GCF-009914095.1-NZ-CP028334.1--2	d__Bacteria; p__Firmicutes_D; c__Bacilli; o__Lactobacillales; f__Lactobacillaceae; g__Lactiplantibacillus; s__Lactiplantibacillus plantarum_A_342131	1.0
GB-GCA-010206225.2-VIQU02000114.1	d__Bacteria; p__Firmicutes_A; c__Clostridia_258483; o__Lachnospirales; f__Lachnospiraceae; g__MD308; s__	1.0
GB-GCA-003461845.1-QTXW01000064.1	d__Bacteria; p__Firmicutes_A; c__Clostridia_258483; o__Lachnospirales; f__Lachnospiraceae; g__Schaedlerella; s__Schaedlerella sp900066545	1.0
G011959105	d__Bacteria; p__Firmicutes_A; c__Clostridia_258483; o__Lachnospirales; f__Lachnospiraceae; g__Acetatifactor; s__Acetatifactor sp011959105	1.0
RS-GCF-900220995.1-NZ-OBQF01000010.1	d__Bacteria; p__Firmicutes_D; c__Bacilli; o__Staphylococcales; f__Salinicoccaceae; g__Salinicoccus; s__Salinicoccus halitifaciens	1.0
MJ010-2-barcode59-umi53667bins-ubs-11	d__Bacteria; p__Firmicutes_A; c__Clostridia_258483; o__Peptostreptococcales; f__Peptostreptococcaceae_256921; g__Terrisporobacter; s__	1.0
RS-GCF-012955485.1-NZ-CP052065.1--5	d__Bacteria; p__Firmicutes_D; c__Bacilli; o__Lactobacillales; f__Lactobacillaceae; g__Lacticaseibacillus; s__Lacticaseibacillus paracasei	1.0
MJ010-1-barcode30-umi36164bins-ubs-19	d__Bacteria; p__Firmicutes_A; c__Clostridia_258483; o__Lachnospirales; f__Lachnospiraceae; g__Oribacterium; s__Oribacterium sp000513555	1.0
MJ009-1-barcode35-umi48013bins-ubs-8	d__Bacteria; p__Firmicutes_A; c__Clostridia_258483; o__Lachnospirales; f__Lachnospiraceae; g__Lachnospira; s__	1.0
G011959565	d__Bacteria; p__Bacteroidota; c__Bacteroidia; o__Bacteroidales; f__Muribaculaceae; g__CAG-873; s__CAG-873 sp011959565	1.0
GB-GCA-015257555.1-JABZJY010000003.1	d__Bacteria; p__Patescibacteria; c__Saccharimonadia; o__Saccharimonadales; f__Nanosynbacteraceae; g__Nanosynbacter; s__	1.0
MJ009-1-barcode40-umi76421bins-ubs-4	d__Bacteria; p__Firmicutes_D; c__Bacilli; o__Lactobacillales; f__Carnobacteriaceae; g__Atopostipes; s__Atopostipes suicloacalis	1.0
MJ010-2-barcode55-umi112569bins-ubs-4	d__Bacteria; p__Firmicutes_A; c__Clostridia_258483; o__Oscillospirales; f__Ruminococcaceae; g__Ruminococcus_C_58660; s__	1.0
MJ010-1-barcode41-umi91863bins-ubs-8	d__Bacteria; p__Firmicutes_D; c__Bacilli; o__Erysipelotrichales; f__Erysipelotrichaceae; g__UBA636; s__UBA636 sp900546285	1.0
MJ020-1-barcode35-umi150219bins-ubs-3	d__Bacteria; p__Firmicutes_A; c__Clostridia_258483; o__Peptostreptococcales; f__Peptostreptococcaceae_256921; g__; s__	1.0
AF094733	d__Bacteria; p__Proteobacteria; c__Gammaproteobacteria; o__Pseudomonadales_650611; f__Pseudomonadaceae; g__Pseudomonas_E_647464; s__Pseudomonas_E_647464 fragi	1.0
RS-GCF-013336965.1-NZ-JAAMQC010000040.1	d__Bacteria; p__Proteobacteria; c__Gammaproteobacteria; o__Enterobacterales_A_737866; f__Enterobacteriaceae_A; g__Citrobacter_A_692098; s__Citrobacter_A_692098 werkmanii	1.0
MJ010-1-barcode36-umi11006bins-ubs-47	d__Bacteria; p__Firmicutes_A; c__Clostridia_258483; o__TANB77; f__CAG-508; g__CAG-793; s__	1.0
RS-GCF-018361345.1-NZ-NEHC01000030.1	d__Bacteria; p__Firmicutes_D; c__Bacilli; o__Bacillales_B_306089; f__Bacillaceae_H_294103; g__Bacillus_P_294101; s__	1.0
MJ007-1-barcode42-umi17029bins-ubs-15	d__Bacteria; p__Firmicutes_A; c__Clostridia_258483; o__Saccharofermentanales; f__Fastidiosipilaceae; g__Fastidiosipila; s__Fastidiosipila sanguinis	1.0
RS-GCF-900454935.1-NZ-UGTP01000001.1--3	d__Bacteria; p__Bacteroidota; c__Bacteroidia; o__Bacteroidales; f__Bacteroidaceae; g__Prevotella; s__Prevotella pallens	1.0
RS-GCF-001688845.2-NZ-CP015402.2--4	d__Bacteria; p__Bacteroidota; c__Bacteroidia; o__Bacteroidales; f__Muribaculaceae; g__Muribaculum; s__Muribaculum intestinale	1.0
GB-GCA-000466885.2-AVFH02000268.1	d__Bacteria; p__Firmicutes_D; c__Bacilli; o__Lactobacillales; f__Lactobacillaceae; g__Lactobacillus; s__Lactobacillus crispatus	1.0
RS-GCF-000410995.1-NC-021494.1--3	d__Bacteria; p__Firmicutes_D; c__Bacilli; o__Lactobacillales; f__Lactobacillaceae; g__Limosilactobacillus; s__Limosilactobacillus reuteri	1.0
MJ030-1-barcode26-umi99329bins-ubs-4	d__Bacteria; p__Firmicutes_D; c__Bacilli; o__Lactobacillales; f__Lactobacillaceae; g__Limosilactobacillus; s__Limosilactobacillus reuteri	1.0
MJ006-1-barcode36-umi55903bins-ubs-7	d__Bacteria; p__Fusobacteriota; c__Fusobacteriia; o__Fusobacteriales_993521; f__Fusobacteriaceae_993521; g__Fusobacterium_C; s__	1.0
X90488	d__Bacteria; p__Firmicutes_A; c__Clostridia_258483; o__Clostridiales; f__Caloramatoraceae; g__Caloramator_A_191104; s__Caloramator_A proteoclasticus	1.0
RS-GCF-001272315.2-NZ-CP016270.1--3	d__Bacteria; p__Firmicutes_D; c__Bacilli; o__Lactobacillales; f__Lactobacillaceae; g__Lactiplantibacillus; s__Lactiplantibacillus plantarum_A_342131	1.0
MJ005-barcode35-umi51405bins-ubs-5	d__Bacteria; p__Firmicutes_A; c__Clostridia_258483; o__Oscillospirales; f__Ruminococcaceae; g__Faecalibacterium; s__Faecalibacterium prausnitzii_C_71358	1.0
GB-GCA-011960395.1-BLMH01000001.1	d__Bacteria; p__Bacteroidota; c__Bacteroidia; o__Bacteroidales; f__Muribaculaceae; g__CAG-485; s__CAG-485 sp002362485	1.0
RS-GCF-004302315.1-NZ-ML154982.1	d__Bacteria; p__Firmicutes_D; c__Bacilli; o__Lactobacillales; f__Lactobacillaceae; g__Lactiplantibacillus; s__Lactiplantibacillus plantarum_A_342131	1.0
MJ009-1-barcode35-umi121315bins-ubs-3	d__Bacteria; p__Firmicutes_D; c__Bacilli; o__Lactobacillales; f__Lactobacillaceae; g__Limosilactobacillus; s__Limosilactobacillus reuteri	1.0
MJ006-1-barcode49-umi156984bins-ubs-3	d__Bacteria; p__Firmicutes_D; c__Bacilli; o__Lactobacillales; f__Streptococcaceae; g__Streptococcus; s__Streptococcus parasanguinis	1.0
GB-GCA-900770905.1-CAAGMA010000015.1	d__Bacteria; p__Bacteroidota; c__Bacteroidia; o__Bacteroidales; f__P3; g__; s__	1.0
X73447	d__Bacteria; p__Firmicutes_A; c__Clostridia_258483; o__Peptostreptococcales; f__Peptostreptococcaceae_256921; g__Asaccharospora; s__Asaccharospora irregularis	1.0
RS-GCF-014138775.1-NZ-JACJHT010000014.1	d__Bacteria; p__Firmicutes_D; c__Bacilli; o__Bacillales_B_306089; f__Bacillaceae_H_289398; g__Priestia; s__Priestia aryabhattai	1.0
RS-GCF-013301605.1-NZ-JAAIOQ010000084.1	d__Bacteria; p__Firmicutes_A; c__Clostridia_258483; o__Lachnospirales; f__Lachnospiraceae; g__Bariatricus; s__	1.0
RS-GCF-000188835.1-NZ-ADUQ01000064.1	d__Bacteria; p__Proteobacteria; c__Gammaproteobacteria; o__Enterobacterales_A_737866; f__Enterobacteriaceae_A; g__Escherichia_710834; s__	1.0
X87758	d__Bacteria; p__Actinobacteriota; c__Actinomycetia; o__Actinomycetales; f__Micrococcaceae; g__Rothia; s__Rothia mucilaginosa	1.0
RS-GCF-002959815.1-NZ-PPCZ01000008.1	d__Bacteria; p__Firmicutes_C; c__Negativicutes; o__Veillonellales; f__Veillonellaceae; g__Veillonella_A; s__Veillonella_A atypica	1.0
MJ010-1-barcode36-umi134287bins-ubs-4	d__Bacteria; p__Firmicutes_A; c__Clostridia_258483; o__Lachnospirales; f__Lachnospiraceae; g__Paralachnospira; s__Paralachnospira sp902363445	1.0
MJ030-2-barcode73-umi67162bins-ubs-8	d__Bacteria; p__Firmicutes_A; c__Clostridia_258483; o__Oscillospirales; f__Oscillospiraceae_88309; g__Enterenecus; s__Enterenecus sp004560375	1.0
G900539325	d__Bacteria; p__Firmicutes_A; c__Clostridia_258483; o__Oscillospirales; f__Acutalibacteraceae; g__Eubacterium_R; s__Eubacterium_R sp900539325	1.0
GB-GCA-015260565.1-JABZWK010000152.1	d__Bacteria; p__Proteobacteria; c__Gammaproteobacteria; o__Enterobacterales_A_737866; f__Pasteurellaceae; g__Haemophilus_D_735815; s__Haemophilus_D_735815 parainfluenzae	1.0
RS-GCF-001433745.1-NZ-AZCT01000047.1	d__Bacteria; p__Firmicutes_D; c__Bacilli; o__Lactobacillales; f__Lactobacillaceae; g__Lacticaseibacillus; s__Lacticaseibacillus paracasei	1.0
MJ009-1-barcode48-umi30711bins-ubs-12	d__Bacteria; p__Firmicutes_D; c__Bacilli; o__RF39; f__UBA660; g__; s__	1.0
MJ031-1-barcode27-umi28502bins-ubs-10	d__Bacteria; p__Firmicutes_A; c__Clostridia_258483; o__Peptostreptococcales; f__Filifactoraceae_235894; g__Acetoanaerobium; s__	1.0
RS-GCF-002271275.1-NZ-MNLA01000013.1	d__Bacteria; p__Actinobacteriota; c__Actinomycetia; o__Actinomycetales; f__Bifidobacteriaceae; g__Bifidobacterium_388775; s__Bifidobacterium breve	1.0
MH000668	d__Bacteria; p__Firmicutes_A; c__Clostridia_258483; o__Clostridiales; f__Clostridiaceae_222000; g__Clostridium_S_216331; s__Clostridium_S_216331 prolinivorans	1.0
RS-GCF-003231475.1-NZ-NSIW01000002.1	d__Bacteria; p__Firmicutes_D; c__Bacilli; o__Lactobacillales; f__Streptococcaceae; g__Streptococcus; s__	1.0
RS-GCF-013280765.1-NZ-WCFP01000088.1	d__Bacteria; p__Firmicutes_D; c__Bacilli; o__Lactobacillales; f__Lactobacillaceae; g__Lactobacillus; s__Lactobacillus helveticus	1.0
MJ007-1-barcode42-umi52943bins-ubs-3	d__Bacteria; p__Firmicutes_D; c__Bacilli; o__Erysipelotrichales; f__Erysipelotrichaceae; g__Erysipelothrix; s__	1.0
MJ005-barcode34-umi1283bins-ubs-80	d__Bacteria; p__Firmicutes_D; c__Bacilli; o__Lactobacillales; f__Lactobacillaceae; g__Lacticaseibacillus; s__Lacticaseibacillus rhamnosus	1.0
RS-GCF-900114755.1-NZ-FOUC01000047.1	d__Bacteria; p__Firmicutes_D; c__Bacilli; o__Lactobacillales; f__Enterococcaceae; g__Enterococcus_B; s__	1.0
G000499525	d__Bacteria; p__Firmicutes_A; c__Clostridia_258483; o__Peptostreptococcales; f__Peptostreptococcaceae_256921; g__CCUG-7971; s__CCUG-7971 spG000499525	1.0
G902769085	d__Bacteria; p__Patescibacteria; c__Saccharimonadia; o__Saccharimonadales; f__Nanosyncoccaceae; g__Nanosyncoccus; s__Nanosyncoccus sp902761145	1.0
MJ030-2-barcode73-umi107441bins-ubs-4	d__Bacteria; p__Firmicutes_A; c__Clostridia_258483; o__Lachnospirales; f__Lachnospiraceae; g__UBA3282; s__UBA3282 sp003611805	1.0
CP002122	d__Bacteria; p__Bacteroidota; c__Bacteroidia; o__Bacteroidales; f__Bacteroidaceae; g__Prevotella; s__Prevotella melaninogenica	1.0
MJ010-2-barcode55-umi149884bins-ubs-3	d__Bacteria; p__Firmicutes_D; c__Bacilli; o__Lactobacillales; f__Lactobacillaceae; g__Limosilactobacillus; s__Limosilactobacillus reuteri	1.0
MJ030-1-barcode26-umi140978bins-ubs-3	d__Bacteria; p__Firmicutes_D; c__Bacilli; o__Lactobacillales; f__Lactobacillaceae; g__Limosilactobacillus; s__Limosilactobacillus reuteri	1.0
RS-GCF-001425725.1-NZ-LMDD01000002.1	d__Bacteria; p__Proteobacteria; c__Alphaproteobacteria; o__Caulobacterales; f__Caulobacteraceae; g__Caulobacter_487784; s__	1.0
MJ007-1-barcode42-umi24900bins-ubs-8	d__Bacteria; p__Firmicutes_A; c__Clostridia_258483; o__Clostridiales; f__Clostridiaceae_222000; g__Clostridium_T; s__	1.0
MJ020-1-barcode30-umi70701bins-ubs-5	d__Bacteria; p__Firmicutes_A; c__Clostridia_258483; o__Oscillospirales; f__Acutalibacteraceae; g__; s__	1.0
RS-GCF-000333915.1-NZ-ANAP01000165.1	d__Bacteria; p__Firmicutes_D; c__Bacilli; o__Bacillales_B_302584; f__Bacillaceae_C; g__Weizmannia; s__Weizmannia coagulans	1.0
CP016786	d__Bacteria; p__Firmicutes_A; c__Clostridia_258483; o__Clostridiales; f__Clostridiaceae_222000; g__Clostridium_T; s__Clostridium_T isatidis	1.0
RS-GCF-001264105.1-NZ-AWFT01000016.1	d__Bacteria; p__Actinobacteriota; c__Actinomycetia; o__Actinomycetales; f__Bifidobacteriaceae; g__Bifidobacterium_388775; s__Bifidobacterium breve	1.0
MJ006-2-barcode73-umi159150bins-ubs-3	d__Bacteria; p__Firmicutes_D; c__Bacilli; o__Erysipelotrichales; f__Erysipelotrichaceae; g__Holdemanella; s__Holdemanella biformis	1.0
GB-GCA-910574885.1-CAJTDD010000026.1	d__Bacteria; p__Firmicutes_A; c__Clostridia_258483; o__Lachnospirales; f__Lachnospiraceae; g__Sporofaciens; s__	1.0
GB-GCA-910576305.1-CAJTHQ010000104.1	d__Bacteria; p__Firmicutes_A; c__Clostridia_258483; o__Oscillospirales; f__Ruminococcaceae; g__Anaerotruncus; s__Anaerotruncus sp000403395	1.0
MJ005-barcode35-umi71031bins-ubs-3	d__Bacteria; p__Firmicutes_A; c__Clostridia_258483; o__Lachnospirales; f__Lachnospiraceae; g__CAG-791; s__	1.0
MJ009-1-barcode48-umi95111bins-ubs-3	d__Bacteria; p__Firmicutes_A; c__Clostridia_258483; o__Oscillospirales; f__Oscillospiraceae_88309; g__Limivicinus; s__Limivicinus sp002320035	1.0
MJ007-1-barcode42-umi19125bins-ubs-13	d__Bacteria; p__Bacteroidota; c__Bacteroidia; o__Bacteroidales; f__Dysgonomonadaceae; g__; s__	1.0
MJ006-2-barcode69-umi141347bins-ubs-3	d__Bacteria; p__Bacteroidota; c__Bacteroidia; o__Bacteroidales; f__Bacteroidaceae; g__Phocaeicola_A_858004; s__Phocaeicola_A_858004 coprophilus	1.0
GB-GCA-000210515.1-CP002033.1	d__Bacteria; p__Firmicutes_D; c__Bacilli; o__Lactobacillales; f__Lactobacillaceae; g__Limosilactobacillus; s__Limosilactobacillus fermentum	1.0
MJ020-2-barcode50-umi47386bins-ubs-11	d__Bacteria; p__Firmicutes_D; c__Bacilli; o__Lactobacillales; f__Lactobacillaceae; g__Limosilactobacillus; s__Limosilactobacillus vaginalis	1.0
MJ009-1-barcode35-umi77652bins-ubs-4	d__Bacteria; p__Firmicutes_D; c__Bacilli; o__Lactobacillales; f__Lactobacillaceae; g__Limosilactobacillus; s__Limosilactobacillus reuteri	1.0
MJ031-2-barcode60-umi40826bins-ubs-6	d__Bacteria; p__Firmicutes_A; c__Clostridia_258483; o__Lachnospirales; f__Cellulosilyticaceae; g__Cellulosilyticum; s__Cellulosilyticum ruminicola	1.0
MJ031-2-barcode74-umi11459bins-ubs-40	d__Bacteria; p__Firmicutes_D; c__Bacilli; o__Lactobacillales; f__Lactobacillaceae; g__Limosilactobacillus; s__Limosilactobacillus agrestis	1.0
RS-GCF-013305145.1-NZ-JAAWUT010000083.1	d__Bacteria; p__Firmicutes_A; c__Clostridia_258483; o__Lachnospirales; f__Lachnospiraceae; g__Oliverpabstia; s__	1.0
RS-GCF-900654195.1-NZ-CAACAF010000001.1	d__Bacteria; p__Proteobacteria; c__Gammaproteobacteria; o__Burkholderiales_597441; f__Neisseriaceae_563222; g__Neisseria_563205; s__	1.0
AB910744	d__Bacteria; p__Firmicutes_D; c__Bacilli; o__Erysipelotrichales; f__Coprobacillaceae; g__Erysipelatoclostridium; s__Clostridium cocleatum	1.0
HM103931	d__Bacteria; p__Firmicutes_D; c__Bacilli; o__Staphylococcales; f__Gemellaceae; g__Gemella; s__Gemella parahaemolysans	1.0
RS-GCF-010119385.1-NZ-VFIE01000045.1	d__Bacteria; p__Proteobacteria; c__Gammaproteobacteria; o__Xanthomonadales_616009; f__Xanthomonadaceae_616009; g__Stenotrophomonas_A_615274; s__	1.0
MG182358	d__Bacteria; p__Firmicutes_A; c__Clostridia_258483; o__Lachnospirales; f__Lachnospiraceae; g__Schaedlerella; s__Schaedlerella arabinosiphila	1.0
G000437715	d__Bacteria; p__Firmicutes_D; c__Bacilli; o__Erysipelotrichales; f__Coprobacillaceae; g__Catenibacterium; s__Catenibacterium sp000437715	1.0
RS-GCF-003597635.1-NZ-CP032460.1--4	d__Bacteria; p__Firmicutes_D; c__Bacilli; o__Lactobacillales; f__Lactobacillaceae; g__Lactiplantibacillus; s__Lactiplantibacillus plantarum_A_342131	1.0
MJ005-barcode33-umi24317bins-ubs-9	d__Bacteria; p__Proteobacteria; c__Gammaproteobacteria; o__Enterobacterales_A_737866; f__Pasteurellaceae; g__Haemophilus_D_735815; s__	1.0
MJ006-2-barcode61-umi10444bins-ubs-19	d__Bacteria; p__Firmicutes_D; c__Bacilli; o__RF39; f__UBA660; g__; s__	1.0
MJ010-1-barcode41-umi131913bins-ubs-5	d__Bacteria; p__Firmicutes_A; c__Clostridia_258483; o__TANB77; f__CAG-508; g__; s__	1.0
RS-GCF-005304985.1-NZ-CP040121.1--2	d__Bacteria; p__Bacteroidota; c__Bacteroidia; o__Bacteroidales; f__Muribaculaceae; g__Duncaniella; s__Duncaniella muris	1.0
MJ031-2-barcode74-umi46999bins-ubs-4	d__Bacteria; p__Firmicutes_A; c__Clostridia_258483; o__Oscillospirales; f__Acutalibacteraceae; g__Acutalibacter; s__Acutalibacter sp009936055	1.0
RS-GCF-000477975.1-NZ-KI515719.1--4	d__Bacteria; p__Actinobacteriota; c__Actinomycetia; o__Mycobacteriales; f__Mycobacteriaceae; g__Corynebacterium; s__	1.0
MJ006-1-barcode48-umi100432bins-ubs-4	d__Bacteria; p__Proteobacteria; c__Gammaproteobacteria; o__Burkholderiales_595427; f__Burkholderiaceae_A_595427; g__Turicimonas; s__Turicimonas muris	1.0
G003979185	d__Bacteria; p__Patescibacteria; c__Saccharimonadia; o__Saccharimonadales; f__Nanosyncoccaceae; g__Nanosyncoccus; s__Nanosyncoccus sp003979185	1.0
MJ010-1-barcode30-umi99753bins-ubs-7	d__Bacteria; p__Fusobacteriota; c__Fusobacteriia; o__Fusobacteriales_993521; f__Fusobacteriaceae_993521; g__Fusobacterium_B; s__	1.0
MJ030-2-barcode73-umi124102bins-ubs-3	d__Bacteria; p__Firmicutes_A; c__Clostridia_258483; o__Oscillospirales; f__Oscillospiraceae_88309; g__Dysosmobacter; s__Dysosmobacter sp000403435	1.0
GB-GCA-018326525.1-BJIB01000024.1	d__Bacteria; p__Actinobacteriota; c__Actinomycetia; o__Actinomycetales; f__Bifidobacteriaceae; g__Bifidobacterium_388775; s__Bifidobacterium bifidum	1.0
RS-GCF-001813455.1-NZ-KV812597.1	d__Bacteria; p__Firmicutes_D; c__Bacilli; o__Staphylococcales; f__Staphylococcaceae; g__Staphylococcus; s__	1.0
G002285495	d__Bacteria; p__Firmicutes_A; c__Clostridia_258483; o__Clostridiales; f__Clostridiaceae_222000; g__Clostridium_T; s__Clostridium_T isatidis	1.0
RS-GCF-001455265.1-NZ-LKPE01000028.1	d__Bacteria; p__Firmicutes_D; c__Bacilli; o__Lactobacillales; f__Streptococcaceae; g__Lactococcus_A_346120; s__Lactococcus_A_346120 lactis_344179	1.0
GB-GCA-902636645.1-CACPSA010000106.1	d__Bacteria; p__Proteobacteria; c__Gammaproteobacteria; o__Pseudomonadales_650611; f__Pseudomonadaceae; g__Pseudomonas_E_647464; s__	1.0
GB-GCA-015265395.1-JABZXT010000111.1	d__Bacteria; p__Firmicutes_D; c__Bacilli; o__Lactobacillales; f__Streptococcaceae; g__Streptococcus; s__Streptococcus mitis_AR_351037	1.0
MK424350	d__Bacteria; p__Bacteroidota; c__Bacteroidia; o__Bacteroidales; f__Bacteroidaceae; g__Prevotella; s__Prevotella vespertina	1.0
RS-GCF-009679795.1-NZ-WKPZ01000065.1	d__Bacteria; p__Firmicutes_D; c__Bacilli; o__Lactobacillales; f__Lactobacillaceae; g__Lacticaseibacillus; s__Lacticaseibacillus rhamnosus	1.0
RS-GCF-009911595.1-NZ-QWKG01000143.1	d__Bacteria; p__Firmicutes_A; c__Clostridia_258483; o__Oscillospirales; f__Oscillospiraceae_88309; g__Lawsonibacter; s__Lawsonibacter sp000492175	1.0
MJ006-2-barcode64-umi183001bins-ubs-3	d__Bacteria; p__Firmicutes_A; c__Clostridia_258483; o__Oscillospirales; f__Butyricicoccaceae; g__; s__	1.0
MJ007-1-barcode49-umi12420bins-ubs-22	d__Bacteria; p__Firmicutes_D; c__Bacilli; o__Erysipelotrichales; f__Erysipelotrichaceae; g__Erysipelothrix; s__	1.0
G000832905	d__Bacteria; p__Firmicutes_D; c__Bacilli; o__Bacillales_B_302584; f__Bacillaceae_C; g__Weizmannia; s__Weizmannia coagulans	1.0
RS-GCF-003174995.1-NZ-QGIA01000131.1	d__Bacteria; p__Firmicutes_D; c__Bacilli; o__Lactobacillales; f__Lactobacillaceae; g__Limosilactobacillus; s__	1.0
MJ006-2-barcode65-umi95747bins-ubs-5	d__Bacteria; p__Firmicutes_A; c__Clostridia_258483; o__Oscillospirales; f__Butyricicoccaceae; g__Agathobaculum; s__	1.0
RS-GCF-000687495.1-NZ-JHWA01000027.1--4	d__Bacteria; p__Firmicutes_D; c__Bacilli; o__Lactobacillales; f__Lactobacillaceae; g__Lactiplantibacillus; s__Lactiplantibacillus plantarum_A_342131	1.0
KC252615	d__Bacteria; p__Proteobacteria; c__Alphaproteobacteria; o__Sphingomonadales; f__Sphingomonadaceae; g__Sphingomonas_L_486704; s__Sphingomonas_L_486704 kyeonggiensis	1.0
G003612625	d__Bacteria; p__Firmicutes_A; c__Clostridia_258483; o__Oscillospirales; f__Ruminococcaceae; g__Anaerotruncus; s__Anaerotruncus sp003612625	1.0
KU043522	d__Bacteria; p__Firmicutes_A; c__Clostridia_258483; o__Tissierellales; f__Peptoniphilaceae; g__Anaerococcus; s__Anaerococcus nagyae	1.0
RS-GCF-013281265.1-NZ-WCGM01000134.1	d__Bacteria; p__Firmicutes_D; c__Bacilli; o__Lactobacillales; f__Lactobacillaceae; g__Lactobacillus; s__Lactobacillus helveticus	1.0
GB-GCA-002905915.1-MLEP01000147.1	d__Bacteria; p__Proteobacteria; c__Gammaproteobacteria; o__Burkholderiales_592522; f__Burkholderiaceae_A_592522; g__Comamonas_F_589250; s__	1.0
MJ010-2-barcode69-umi155556bins-ubs-4	d__Bacteria; p__Firmicutes_A; c__Clostridia_258483; o__Lachnospirales; f__Lachnospiraceae; g__Merdisoma; s__Merdisoma sp011959465	1.0
MJ007-1-barcode42-umi15749bins-ubs-16	d__Bacteria; p__Bacteroidota; c__Bacteroidia; o__Bacteroidales; f__Dysgonomonadaceae; g__Proteiniphilum; s__	1.0
RS-GCF-018551615.1-NZ-JAFFPG010000006.1	d__Bacteria; p__Proteobacteria; c__Gammaproteobacteria; o__Pseudomonadales_650611; f__Pseudomonadaceae; g__Pseudomonas_A; s__Pseudomonas_A nitrititolerans	1.0
MJ030-1-barcode49-umi3580bins-ubs-74	d__Bacteria; p__Firmicutes_A; c__Clostridia_258483; o__Oscillospirales; f__Ruminococcaceae; g__Ruminococcus_C_58660; s__Ruminococcus_C_58660 sp000433635	1.0
HM037996	d__Bacteria; p__Proteobacteria; c__Alphaproteobacteria; o__Rhizobiales_A_504721; f__Hyphomicrobiaceae; g__; s__	1.0
MJ007-1-barcode38-umi5082bins-ubs-56	d__Bacteria; p__Firmicutes_D; c__Bacilli; o__Lactobacillales; f__Lactobacillaceae; g__Limosilactobacillus; s__Limosilactobacillus reuteri	1.0
MJ006-2-barcode55-umi107913bins-ubs-4	d__Bacteria; p__Firmicutes_D; c__Bacilli; o__Lactobacillales; f__Lactobacillaceae; g__Limosilactobacillus; s__Limosilactobacillus fermentum	1.0
MJ006-2-barcode52-umi11005bins-ubs-18	d__Bacteria; p__Firmicutes_A; c__Clostridia_258483; o__Lachnospirales; f__Lachnospiraceae; g__Lachnospira; s__Lachnospira eligens	1.0
D86195	d__Bacteria; p__Actinobacteriota; c__Actinomycetia; o__Actinomycetales; f__Bifidobacteriaceae; g__Bifidobacterium_388775; s__Bifidobacterium pseudolongum	1.0
MJ010-1-barcode30-umi103727bins-ubs-7	d__Bacteria; p__Firmicutes_D; c__Bacilli; o__Erysipelotrichales; f__Erysipelotrichaceae; g__Bulleidia; s__Bulleidia massiliensis	1.0
KY659246	d__Bacteria; p__Bacteroidota; c__Bacteroidia; o__Bacteroidales; f__Marinilabiliaceae; g__Geofilum_869828; s__Geofilum rhodophaeum	1.0
RS-GCF-013166595.1-NZ-JABKKG010000004.1	d__Bacteria; p__Bacteroidota; c__Bacteroidia; o__Bacteroidales; f__Bacteroidaceae; g__Prevotella; s__Prevotella sp004792655	1.0
GB-GCA-910575645.1-CAJTFR010000012.1	d__Bacteria; p__Firmicutes_A; c__Clostridia_258483; o__Lachnospirales; f__Lachnospiraceae; g__14-2; s__	1.0
RS-GCF-014961685.1-NZ-CP063162.1	d__Bacteria; p__Firmicutes_D; c__Bacilli; o__Bacillales_B_306089; f__Anoxybacillaceae; g__Geobacillus; s__Geobacillus thermocatenulatus	1.0
RS-GCF-000763635.1-NZ-JQHF01000022.1	d__Bacteria; p__Proteobacteria; c__Gammaproteobacteria; o__Burkholderiales_597441; f__Neisseriaceae_563222; g__Neisseria_563205; s__Neisseria sp000186165	1.0
RS-GCF-018619375.1-NZ-JAHHFT010000043.1	d__Bacteria; p__Firmicutes_D; c__Bacilli; o__Lactobacillales; f__Streptococcaceae; g__Streptococcus; s__Streptococcus parasanguinis	1.0
G003612565	d__Bacteria; p__Firmicutes_A; c__Clostridia_258483; o__Lachnospirales; f__Lachnospiraceae; g__1XD42-69; s__1XD42-69 sp003612565	1.0
RS-GCF-018147815.1-NZ-JAGSUE010000144.1	d__Bacteria; p__Proteobacteria; c__Gammaproteobacteria; o__Burkholderiales_592524; f__Burkholderiaceae_A_580492; g__Burkholderia; s__Burkholderia cepacia_576714	1.0
EF108443	d__Bacteria; p__Firmicutes_C; c__Negativicutes; o__Veillonellales; f__Veillonellaceae; g__Veillonella_A; s__Veillonella_A rogosae	1.0
RS-GCF-004793655.1-NZ-SRYD01000003.1	d__Bacteria; p__Bacteroidota; c__Bacteroidia; o__Bacteroidales; f__Muribaculaceae; g__Muribaculum; s__Muribaculum intestinale	1.0
RS-GCF-004793835.1-NZ-SRYJ01000091.1	d__Bacteria; p__Bacteroidota; c__Bacteroidia; o__Bacteroidales; f__Bacteroidaceae; g__Phocaeicola_A_858004; s__Phocaeicola_A_858004 sartorii	1.0
MJ006-2-barcode65-umi1778bins-ubs-49	d__Bacteria; p__Proteobacteria; c__Gammaproteobacteria; o__Enterobacterales_A_737866; f__Pasteurellaceae; g__Haemophilus_A; s__Haemophilus_A sputorum	1.0
MJ006-2-barcode74-umi49031bins-ubs-9	d__Bacteria; p__Firmicutes_D; c__Bacilli; o__Lactobacillales; f__Streptococcaceae; g__Streptococcus; s__Streptococcus thermophilus	1.0
MN756014	d__Bacteria; p__Firmicutes_A; c__Clostridia_258483; o__Lachnospirales; f__Lachnospiraceae; g__Sporofaciens; s__Sporofaciens musculi	1.0
GB-GCA-015257705.1-JABZJR010000124.1	d__Bacteria; p__Bacteroidota; c__Bacteroidia; o__Bacteroidales; f__Bacteroidaceae; g__Prevotella; s__Prevotella histicola	1.0
RS-GCF-001046555.1-NZ-LAMP01000039.1	d__Bacteria; p__Firmicutes_D; c__Bacilli; o__Staphylococcales; f__Staphylococcaceae; g__Staphylococcus; s__	1.0
RS-GCF-004535825.1-NZ-SGVY01000128.1	d__Bacteria; p__Bacteroidota; c__Bacteroidia; o__Bacteroidales; f__Bacteroidaceae; g__Prevotella; s__Prevotella hominis	1.0
AB547704	d__Bacteria; p__Bacteroidota; c__Bacteroidia; o__Bacteroidales; f__Bacteroidaceae; g__Prevotella; s__Prevotella paludivivens	1.0
GB-GCA-015063035.1-SUTG01000016.1	d__Archaea; p__Methanobacteriota_A_1229; c__Methanobacteria; o__Methanobacteriales; f__Methanobacteriaceae; g__Methanobrevibacter_D_1148; s__Methanobrevibacter_D_1148 olleyae	1.0
RS-GCF-013166535.1-NZ-JABKKK010000031.1	d__Bacteria; p__Bacteroidota; c__Bacteroidia; o__Bacteroidales; f__Bacteroidaceae; g__Prevotella; s__Prevotella sp902776665	1.0
AJ270258	d__Bacteria; p__Proteobacteria; c__Gammaproteobacteria; o__Burkholderiales_592524; f__Burkholderiaceae_A_580492; g__Ralstonia; s__Ralstonia mannitolilytica	1.0
G000765745	d__Bacteria; p__Campylobacterota; c__Campylobacteria; o__Campylobacterales; f__Helicobacteraceae; g__Helicobacter_D; s__Helicobacter_D apodemus	1.0
RS-GCF-013304685.1-NZ-JAAITH010000167.1	d__Bacteria; p__Firmicutes_A; c__Clostridia_258483; o__Lachnospirales; f__Lachnospiraceae; g__Blautia_A_141781; s__	1.0
MJ006-2-barcode62-umi176357bins-ubs-3	d__Bacteria; p__Firmicutes_A; c__Clostridia_258483; o__Oscillospirales; f__Ruminococcaceae; g__; s__	1.0
MJ005-barcode57-umi81762bins-ubs-3	d__Bacteria; p__Firmicutes_A; c__Clostridia_258483; o__Oscillospirales; f__Acutalibacteraceae; g__Ruminococcus_E; s__Ruminococcus_E sp900314705	1.0
RS-GCF-019131755.1-NZ-JAHOMT010000002.1	d__Bacteria; p__Actinobacteriota; c__Actinomycetia; o__Actinomycetales; f__Bifidobacteriaceae; g__Bifidobacterium_388775; s__Bifidobacterium longum	1.0
MJ007-1-barcode38-umi10756bins-ubs-28	d__Bacteria; p__Firmicutes_D; c__Bacilli; o__Lactobacillales; f__Lactobacillaceae; g__Limosilactobacillus; s__Limosilactobacillus reuteri	1.0
GB-GCA-008680325.1-NALL01000016.1	d__Bacteria; p__Firmicutes_A; c__Clostridia_258483; o__Lachnospirales; f__Lachnospiraceae; g__Agathobacter_164117; s__Agathobacter faecis	1.0
G004803695	d__Bacteria; p__Bacteroidota; c__Bacteroidia; o__Bacteroidales; f__Muribaculaceae; g__Muribaculum; s__Muribaculum gordoncarteri	1.0
RS-GCF-001685785.1-NZ-BCXP01000010.1--2	d__Bacteria; p__Actinobacteriota; c__Actinomycetia; o__Actinomycetales; f__Bifidobacteriaceae; g__Bifidobacterium_388775; s__Bifidobacterium breve	1.0
RS-GCF-003464105.1-NZ-QSDS01000060.1	d__Bacteria; p__Firmicutes_A; c__Clostridia_258483; o__Lachnospirales; f__Lachnospiraceae; g__Blautia_A_141781; s__	1.0
RS-GCF-013293385.1-NZ-JAAKAA010000059.1	d__Bacteria; p__Firmicutes_A; c__Clostridia_258483; o__Peptostreptococcales; f__Peptostreptococcaceae_256921; g__Romboutsia_B; s__Romboutsia_B ilealis	1.0
G000403475	d__Bacteria; p__Firmicutes_A; c__Clostridia_258483; o__Lachnospirales; f__Lachnospiraceae; g__MD308; s__MD308 sp000403475	1.0
RS-GCF-001870065.1-NZ-CP017888.1--4	d__Bacteria; p__Firmicutes_D; c__Bacilli; o__Bacillales_B_302584; f__Bacillaceae_C; g__Weizmannia; s__Weizmannia coagulans	1.0
G000165735	d__Bacteria; p__Firmicutes_C; c__Negativicutes; o__Veillonellales; f__Megasphaeraceae; g__Anaeroglobus; s__Anaeroglobus micronuciformis	1.0
GB-GCA-009719285.1-WNCD01000184.1	d__Bacteria; p__Verrucomicrobiota; c__Verrucomicrobiae; o__Verrucomicrobiales; f__Akkermansiaceae; g__Akkermansia; s__Akkermansia muciniphila_D_776786	1.0
G000472345	d__Bacteria; p__Firmicutes_D; c__Bacilli; o__Lactobacillales; f__Lactobacillaceae; g__Lacticaseibacillus; s__Lacticaseibacillus paracasei	1.0
RS-GCF-000169195.2-NC-016023.1--6	d__Bacteria; p__Firmicutes_D; c__Bacilli; o__Bacillales_B_302584; f__Bacillaceae_C; g__Weizmannia; s__Weizmannia coagulans	1.0
G001807655	d__Bacteria; p__Firmicutes_D; c__Bacilli; o__Lactobacillales; f__Lactobacillaceae; g__Limosilactobacillus; s__Limosilactobacillus fermentum	1.0
RS-GCF-019186805.1-NZ-CP066783.1--5	d__Bacteria; p__Proteobacteria; c__Gammaproteobacteria; o__Burkholderiales_592522; f__Burkholderiaceae_A_592522; g__Comamonas_F_589250; s__Comamonas_F_589250 guangdongensis	1.0
MJ006-1-barcode37-umi114697bins-ubs-5	d__Bacteria; p__Firmicutes_A; c__Clostridia_258483; o__Lachnospirales; f__Lachnospiraceae; g__Roseburia; s__Roseburia intestinalis	1.0
G009767915	d__Bacteria; p__Proteobacteria; c__Gammaproteobacteria; o__Burkholderiales_595427; f__Burkholderiaceae_A_595427; g__Parasutterella; s__Parasutterella sp009767915	1.0
RS-GCF-003335145.1-NZ-QPFA01000001.1--3	d__Bacteria; p__Firmicutes_D; c__Bacilli; o__Bacillales_B_302584; f__Bacillaceae_C; g__Weizmannia; s__Weizmannia coagulans	1.0
RS-GCF-000763195.1-NZ-JRPS01000034.1	d__Bacteria; p__Firmicutes_C; c__Negativicutes; o__Veillonellales; f__Megasphaeraceae; g__Megasphaera_A_38685; s__Megasphaera_A_38685 elsdenii	1.0
G001945535	d__Bacteria; p__Firmicutes_D; c__Bacilli; o__Erysipelotrichales; f__Erysipelotrichaceae; g__Faecalibaculum; s__Faecalibaculum rodentium	1.0
KR364749	d__Bacteria; p__Firmicutes_A; c__Clostridia_258483; o__Oscillospirales; f__Acutalibacteraceae; g__Acutalibacter; s__Acutalibacter muris	1.0
D83374	d__Bacteria; p__Firmicutes_D; c__Bacilli; o__Staphylococcales; f__Staphylococcaceae; g__Staphylococcus; s__Staphylococcus xylosus	1.0
RS-GCF-013293515.1-NZ-JAAKAG010000024.1	d__Bacteria; p__Firmicutes_D; c__Bacilli; o__Bacillales_B_306089; f__Bacillaceae_H_294103; g__Bacillus_P_294101; s__	1.0
RS-GCF-004319585.1-NZ-CP036294.1--2	d__Bacteria; p__Proteobacteria; c__Gammaproteobacteria; o__Burkholderiales_595422; f__Burkholderiaceae_A_595422; g__Alcaligenes; s__Alcaligenes faecalis_595233	1.0
RS-GCF-016820495.1-NZ-JADHDU010000023.1	d__Bacteria; p__Firmicutes_D; c__Bacilli; o__Bacillales_A; f__Planococcaceae; g__Planococcus; s__Planococcus sp000775575	1.0
MJ006-1-barcode36-umi155928bins-ubs-3	d__Bacteria; p__Firmicutes_D; c__Bacilli; o__Lactobacillales; f__Lactobacillaceae; g__Lactobacillus; s__Lactobacillus crispatus	1.0
GB-GCA-004793545.1-SRYA01000191.1	d__Bacteria; p__Firmicutes_A; c__Clostridia_258483; o__Lachnospirales; f__Lachnospiraceae; g__14-2; s__	1.0
RS-GCF-009004095.1-NZ-BKSS01000201.1	d__Bacteria; p__Proteobacteria; c__Gammaproteobacteria; o__Pseudomonadales_660879; f__Moraxellaceae; g__Acinetobacter; s__Acinetobacter junii	1.0
AB008206	d__Bacteria; p__Firmicutes_D; c__Bacilli; o__Lactobacillales; f__Lactobacillaceae; g__Lactobacillus; s__Lactobacillus crispatus	1.0
MJ032-1-barcode41-umi15686bins-ubs-27	d__Bacteria; p__Firmicutes_D; c__Bacilli; o__Lactobacillales; f__Carnobacteriaceae; g__Atopostipes; s__Atopostipes suicloacalis	1.0
GB-GCA-018966485.1-CP076597.1--10	d__Bacteria; p__Firmicutes_D; c__Bacilli; o__Bacillales_B_302584; f__Bacillaceae_C; g__Weizmannia; s__Weizmannia coagulans	1.0
MJ006-2-barcode67-umi1539bins-ubs-54	d__Bacteria; p__Firmicutes_A; c__Clostridia_258483; o__Oscillospirales; f__Oscillospiraceae_88309; g__Faecousia; s__Faecousia sp000434635	1.0
G000185845	d__Bacteria; p__Bacteroidota; c__Bacteroidia; o__Bacteroidales; f__Bacteroidaceae; g__Prevotella; s__Prevotella salivae	1.0
MJ030-1-barcode41-umi68502bins-ubs-8	d__Bacteria; p__Firmicutes_A; c__Clostridia_258483; o__Oscillospirales; f__Oscillospiraceae_88309; g__; s__	1.0
RS-GCF-003955865.1-NZ-CP019581.1--4	d__Bacteria; p__Firmicutes_D; c__Bacilli; o__Lactobacillales; f__Lactobacillaceae; g__Lactobacillus; s__Lactobacillus helveticus	1.0
G001436895	d__Bacteria; p__Firmicutes_D; c__Bacilli; o__Lactobacillales; f__Lactobacillaceae; g__Weissella_A_338544; s__Weissella_A_338544 confusa	1.0
RS-GCF-016503495.1-NZ-JADVGL010000029.1	d__Bacteria; p__Proteobacteria; c__Gammaproteobacteria; o__Enterobacterales_A_737866; f__Enterobacteriaceae_A; g__Citrobacter_A_692098; s__Citrobacter_A_692098 gillenii	1.0
MJ020-1-barcode30-umi58594bins-ubs-8	d__Bacteria; p__Spirochaetota; c__Spirochaetia; o__Treponematales; f__Treponemataceae; g__Treponema_D; s__	1.0
RS-GCF-012926735.1-NZ-JABBMN010000034.1	d__Bacteria; p__Proteobacteria; c__Gammaproteobacteria; o__Pseudomonadales_650611; f__Pseudomonadaceae; g__Pseudomonas_E_647464; s__	1.0
MJ006-2-barcode55-umi17822bins-ubs-13	d__Bacteria; p__Firmicutes_D; c__Bacilli; o__Erysipelotrichales; f__Erysipelotrichaceae; g__Bulleidia; s__Bulleidia massiliensis	1.0
MJ006-2-barcode64-umi184142bins-ubs-3	d__Bacteria; p__Firmicutes_A; c__Clostridia_258483; o__Oscillospirales; f__Oscillospiraceae_88309; g__Faecousia; s__Faecousia sp000434635	1.0
MJ020-1-barcode44-umi112877bins-ubs-3	d__Bacteria; p__Firmicutes_D; c__Bacilli; o__Bacillales_B_302584; f__DSM-18226_301387; g__Bacillus_BD; s__Niallia oryzisoli	1.0
RS-GCF-015708105.1-NZ-JABERN010000004.1	d__Bacteria; p__Firmicutes_D; c__Bacilli; o__Lactobacillales; f__Lactobacillaceae; g__Lactobacillus; s__Lactobacillus crispatus	1.0
MJ010-2-barcode69-umi90248bins-ubs-5	d__Bacteria; p__Firmicutes_A; c__Clostridia_258483; o__Lachnospirales; f__Lachnospiraceae; g__Merdisoma; s__Merdisoma sp011959465	1.0
MJ031-1-barcode38-umi35053bins-ubs-6	d__Bacteria; p__Firmicutes_A; c__Clostridia_258483; o__Christensenellales; f__CAG-314; g__CAG-314; s__CAG-314 sp900551395	1.0
MJ006-2-barcode55-umi14642bins-ubs-15	d__Bacteria; p__Firmicutes_D; c__Bacilli; o__Lactobacillales; f__Lactobacillaceae; g__Lacticaseibacillus; s__Lacticaseibacillus paracasei	1.0
GB-GCA-010206365.1-VIRA01000015.1	d__Bacteria; p__Firmicutes_A; c__Clostridia_258483; o__Lachnospirales; f__Lachnospiraceae; g__COE1; s__COE1 sp000403335	1.0
GB-GCA-900112995.1-FONU01000001.1	d__Bacteria; p__Firmicutes_A; c__Clostridia_258483; o__Lachnospirales; f__Lachnospiraceae; g__Lachnospira; s__Lachnospira sp000436535	1.0
G000403275	d__Bacteria; p__Firmicutes_A; c__Clostridia_258483; o__Lachnospirales; f__Lachnospiraceae; g__Kineothrix; s__Kineothrix sp000403275	1.0
MJ005-barcode27-umi71155bins-ubs-3	d__Bacteria; p__Firmicutes_A; c__Clostridia_258483; o__Lachnospirales; f__Lachnospiraceae; g__Mediterraneibacter_A_155507; s__Mediterraneibacter_A_155507 faecis	1.0
RS-GCF-900104225.1-NZ-FNJK01000021.1	d__Bacteria; p__Firmicutes_D; c__Bacilli; o__Lactobacillales; f__Streptococcaceae; g__Streptococcus; s__	1.0
RS-GCF-019052355.1-NZ-JAHQUT010000188.1	d__Bacteria; p__Firmicutes_D; c__Bacilli; o__Erysipelotrichales; f__Erysipelotrichaceae; g__Holdemanella; s__Holdemanella biformis	1.0
G001436475	d__Bacteria; p__Firmicutes_D; c__Bacilli; o__Lactobacillales; f__Lactobacillaceae; g__Ligilactobacillus; s__Ligilactobacillus ruminis	1.0
MJ007-1-barcode42-umi18113bins-ubs-12	d__Bacteria; p__Bacteroidota; c__Bacteroidia; o__Bacteroidales; f__Dysgonomonadaceae; g__Proteiniphilum; s__	1.0
MJ006-1-barcode38-umi164759bins-ubs-3	d__Bacteria; p__Firmicutes_A; c__Clostridia_258483; o__Lachnospirales; f__Lachnospiraceae; g__; s__	1.0
AB109889	d__Bacteria; p__Proteobacteria; c__Gammaproteobacteria; o__Burkholderiales_592522; f__Burkholderiaceae_A_592522; g__Curvibacter_587305; s__Curvibacter gracilis	1.0
MJ010-2-barcode55-umi120192bins-ubs-4	d__Bacteria; p__Firmicutes_D; c__Bacilli; o__Lactobacillales; f__Lactobacillaceae; g__Limosilactobacillus; s__Limosilactobacillus reuteri	1.0
MJ007-1-barcode49-umi20340bins-ubs-13	d__Bacteria; p__Bacteroidota; c__Bacteroidia; o__Bacteroidales; f__Dysgonomonadaceae; g__Fermentimonas_862735; s__	1.0
MJ006-1-barcode27-umi46099bins-ubs-10	d__Bacteria; p__Firmicutes_A; c__Clostridia_258483; o__Peptostreptococcales; f__Peptostreptococcaceae_256921; g__Romboutsia_B; s__Romboutsia_B ilealis	1.0
MJ010-2-barcode55-umi181117bins-ubs-4	d__Bacteria; p__Firmicutes_C; c__Negativicutes; o__Veillonellales; f__Dialisteraceae; g__Dialister; s__Dialister sp900543165	1.0
GB-GCA-900763655.1-CAAFLB010000040.1	d__Archaea; p__Methanobacteriota_A_1229; c__Methanobacteria; o__Methanobacteriales; f__Methanobacteriaceae; g__Methanobrevibacter_A; s__Methanobrevibacter_A smithii_A_1174	1.0
MJ010-1-barcode36-umi123894bins-ubs-5	d__Bacteria; p__Firmicutes_A; c__Clostridia_258483; o__Lachnospirales; f__Lachnospiraceae; g__Porcincola; s__	1.0
RS-GCF-004114715.1-NZ-CP035305.1--6	d__Bacteria; p__Firmicutes_D; c__Bacilli; o__Bacillales_B_302584; f__Bacillaceae_C; g__Weizmannia; s__Weizmannia coagulans	1.0
RS-GCF-003057675.2-NZ-QBJB02000030.1	d__Bacteria; p__Proteobacteria; c__Gammaproteobacteria; o__Enterobacterales_A_737866; f__Enterobacteriaceae_A; g__Pantoea_A_680372; s__Pantoea_A_680372 eucrina	1.0
MJ009-1-barcode48-umi103734bins-ubs-4	d__Bacteria; p__Firmicutes_D; c__Bacilli; o__RF39; f__UBA660; g__CAG-533; s__CAG-533 sp000434495	1.0
RS-GCF-018139225.1-NZ-JAGSNX010000002.1	d__Bacteria; p__Proteobacteria; c__Alphaproteobacteria; o__Sphingomonadales; f__Sphingomonadaceae; g__Sphingomonas_L_486704; s__Sphingomonas_L_486704 sp001423765	1.0
MT500785	d__Bacteria; p__Firmicutes_D; c__Bacilli; o__Haloplasmatales_A; f__Turicibacteraceae; g__Turicibacter; s__Turicibacter bilis	1.0
ACGU01000081	d__Bacteria; p__Firmicutes_D; c__Bacilli; o__Lactobacillales; f__Lactobacillaceae; g__Lactobacillus; s__Lactobacillus ultunensis	1.0
RS-GCF-007990445.1-NZ-AP019841.1	d__Bacteria; p__Fusobacteriota; c__Fusobacteriia; o__Fusobacteriales_993777; f__Leptotrichiaceae; g__Leptotrichia_A_993758; s__Leptotrichia_A_993758 wadei	1.0
RS-GCF-007197795.1-NZ-CP041632.1--2	d__Bacteria; p__Firmicutes_D; c__Bacilli; o__Bacillales_B_306089; f__Anoxybacillaceae; g__Parageobacillus_294458; s__Parageobacillus toebii	1.0
RS-GCF-001703875.1-NZ-MBLT01000492.1	d__Bacteria; p__Firmicutes_D; c__Bacilli; o__Lactobacillales; f__Lactobacillaceae; g__Limosilactobacillus; s__Limosilactobacillus reuteri	1.0
GB-GCA-000155935.2-GL531761.1	d__Bacteria; p__Firmicutes_D; c__Bacilli; o__Lactobacillales; f__Lactobacillaceae; g__Lactobacillus; s__Lactobacillus gasseri_329736	1.0
AB188091	d__Bacteria; p__Firmicutes_D; c__Bacilli; o__Lactobacillales; f__Carnobacteriaceae; g__Alkalibacterium; s__Alkalibacterium iburiense	1.0
MJ032-2-barcode66-umi65417bins-ubs-6	d__Bacteria; p__Firmicutes_D; c__Bacilli; o__Lactobacillales; f__Lactobacillaceae; g__Limosilactobacillus; s__	1.0
MJ020-2-barcode50-umi10832bins-ubs-52	d__Bacteria; p__Firmicutes_A; c__Clostridia_258483; o__TANB77; f__CAG-508; g__UMGS1994; s__UMGS1994 sp900553945	1.0
RS-GCF-002943545.1-NZ-CP025412.1--2	d__Bacteria; p__Firmicutes_D; c__Bacilli; o__Lactobacillales; f__Lactobacillaceae; g__Lactiplantibacillus; s__Lactiplantibacillus plantarum_A_342131	1.0
MJ006-1-barcode37-umi108025bins-ubs-4	d__Bacteria; p__Firmicutes_A; c__Clostridia_258483; o__Oscillospirales; f__Ruminococcaceae; g__CAG-353; s__CAG-353 sp900066885	1.0
MJ031-1-barcode42-umi27034bins-ubs-13	d__Bacteria; p__Proteobacteria; c__Gammaproteobacteria; o__Pseudomonadales_650612; f__Cellvibrionaceae; g__Cellvibrio; s__	1.0
MJ031-1-barcode38-umi37203bins-ubs-4	d__Bacteria; p__Firmicutes_A; c__Clostridia_258483; o__Oscillospirales; f__Ruminococcaceae; g__UBA946; s__	1.0
AM501435	d__Bacteria; p__Proteobacteria; c__Gammaproteobacteria; o__Burkholderiales_592522; f__Burkholderiaceae_A_592522; g__Pelomonas; s__Pelomonas aquatica	1.0
MJ030-2-barcode65-umi16085bins-ubs-37	d__Bacteria; p__Bacteroidota; c__Bacteroidia; o__Chitinophagales; f__Chitinophagaceae_966727; g__Puia; s__Puia sp001898505	1.0
MJ006-1-barcode49-umi104059bins-ubs-5	d__Bacteria; p__Firmicutes_C; c__Negativicutes; o__Veillonellales; f__Dialisteraceae; g__Dialister; s__Dialister invisus	1.0
RS-GCF-006704185.1-NZ-CP041280.1--7	d__Bacteria; p__Firmicutes_D; c__Bacilli; o__Lactobacillales; f__Lactobacillaceae; g__Lactobacillus; s__Lactobacillus delbrueckii	1.0
MJ010-2-barcode55-umi104966bins-ubs-5	d__Bacteria; p__Firmicutes_A; c__Clostridia_258483; o__Oscillospirales; f__Ruminococcaceae; g__Gemmiger_A_73276; s__	1.0
MJ010-1-barcode49-umi119312bins-ubs-5	d__Bacteria; p__Proteobacteria; c__Alphaproteobacteria; o__Pelagibacterales; f__Pelagibacteraceae; g__Pelagibacter_A_533952; s__Pelagibacter_A_533952 sp000155895	1.0
RS-GCF-003319265.1-NZ-KZ845727.1	d__Bacteria; p__Firmicutes_D; c__Bacilli; o__Lactobacillales; f__Enterococcaceae; g__Enterococcus_E; s__Enterococcus_E cecorum	1.0
MJ010-2-barcode69-umi144571bins-ubs-3	d__Bacteria; p__Firmicutes_A; c__Clostridia_258483; o__Lachnospirales; f__Lachnospiraceae; g__Paralachnospira; s__Paralachnospira sp902363445	1.0
G000403455	d__Bacteria; p__Firmicutes_A; c__Clostridia_258483; o__Lachnospirales; f__Lachnospiraceae; g__Sporofaciens; s__Sporofaciens sp000403455	1.0
FJ816610	d__Bacteria; p__Bacteroidota; c__Bacteroidia; o__Chitinophagales; f__Chitinophagaceae_966727; g__Sediminibacterium; s__Sediminibacterium magnilacihabitans	1.0
RS-GCF-001719665.1-NZ-MDTW01000047.1	d__Bacteria; p__Proteobacteria; c__Gammaproteobacteria; o__Burkholderiales_592524; f__Burkholderiaceae_A_580492; g__Burkholderia; s__Burkholderia lata	1.0
RS-GCF-001642705.1-NZ-LWBV01000002.1	d__Bacteria; p__Proteobacteria; c__Gammaproteobacteria; o__Pseudomonadales_650611; f__Pseudomonadaceae; g__Pseudomonas_E_647464; s__	1.0
RS-GCF-001157605.1-NZ-CKQU01000080.1	d__Bacteria; p__Firmicutes_D; c__Bacilli; o__Bacillales_B_310392; f__Bacillaceae_G_310392; g__Bacillus_A; s__	1.0
RS-GCF-001810775.1-NZ-KV802661.1	d__Bacteria; p__Actinobacteriota; c__Actinomycetia; o__Actinomycetales; f__Micrococcaceae; g__Rothia; s__Rothia sp001808955	1.0
RS-GCF-013280855.1-NZ-WCFS01000092.1	d__Bacteria; p__Firmicutes_D; c__Bacilli; o__Lactobacillales; f__Lactobacillaceae; g__Lactobacillus; s__Lactobacillus helveticus	1.0
RS-GCF-900461095.1-NZ-UAWA01000012.1--2	d__Bacteria; p__Firmicutes_A; c__Clostridia_258483; o__Clostridiales; f__Clostridiaceae_222000; g__Clostridium_F; s__	1.0
GB-GCA-000180035.1-AEKM01000011.1--2	d__Bacteria; p__Firmicutes_D; c__Bacilli; o__Lactobacillales; f__Streptococcaceae; g__Streptococcus; s__Streptococcus parasanguinis	1.0
GB-GCA-900539315.1-UQBL01000026.1	d__Bacteria; p__Firmicutes_D; c__Bacilli; o__Lactobacillales; f__Aerococcaceae; g__Granulicatella; s__	1.0
G000835165	d__Bacteria; p__Actinobacteriota; c__Actinomycetia; o__Mycobacteriales; f__Mycobacteriaceae; g__Corynebacterium; s__Corynebacterium marinum	1.0
MJ006-1-barcode39-umi168061bins-ubs-4	d__Bacteria; p__Firmicutes_C; c__Negativicutes; o__Veillonellales; f__Veillonellaceae; g__Veillonella_A; s__Veillonella_A atypica	1.0
MJ020-2-barcode59-umi54747bins-ubs-7	d__Bacteria; p__Firmicutes_A; c__Clostridia_258483; o__Clostridiales; f__Clostridiaceae_222000; g__Clostridium_J; s__	1.0
MJ006-1-barcode38-umi213440bins-ubs-3	d__Bacteria; p__Firmicutes_C; c__Negativicutes; o__Veillonellales; f__Veillonellaceae; g__Veillonella_A; s__	1.0
GB-GCA-910575435.1-CAJTGI010000046.1	d__Bacteria; p__Firmicutes_A; c__Clostridia_258483; o__Lachnospirales; f__Lachnospiraceae; g__Butyribacter; s__Butyribacter intestini	1.0
MJ006-2-barcode64-umi113818bins-ubs-4	d__Bacteria; p__Firmicutes_A; c__Clostridia_258483; o__Oscillospirales; f__Oscillospiraceae_88309; g__Limivicinus; s__Limivicinus sp002320035	1.0
JQ388596	d__Bacteria; p__Firmicutes_A; c__Clostridia_258483; o__Clostridiales; f__Clostridiaceae_222000; g__Clostridium_AN; s__Clostridium_AN bornimense	1.0
MJ010-2-barcode69-umi98778bins-ubs-5	d__Bacteria; p__Firmicutes_A; c__Clostridia_258483; o__Lachnospirales; f__Lachnospiraceae; g__UBA3282; s__UBA3282 sp003611805	1.0
MJ006-2-barcode74-umi149482bins-ubs-3	d__Bacteria; p__Bacteroidota; c__Bacteroidia; o__Bacteroidales; f__Bacteroidaceae; g__Prevotella; s__Prevotella copri	1.0
GB-GCA-004801755.1-SSTL01000077.1	d__Bacteria; p__Bacteroidota; c__Bacteroidia; o__Bacteroidales; f__Muribaculaceae; g__CAG-485; s__CAG-485 sp002493045	1.0
KF745861	d__Bacteria; p__Campylobacterota; c__Campylobacteria; o__Campylobacterales; f__Campylobacteraceae; g__Campylobacter_B; s__Campylobacter_B corcagiensis	1.0
MJ009-1-barcode35-umi27312bins-ubs-13	d__Bacteria; p__Firmicutes_A; c__Clostridia_258483; o__TANB77; f__CAG-508; g__UMGS1994; s__UMGS1994 sp900553945	1.0
MJ007-1-barcode49-umi13435bins-ubs-20	d__Bacteria; p__Desulfobacterota_I; c__Desulfobulbia; o__Desulfobulbales; f__Desulfobulbaceae; g__Desulfobulbus_A_451156; s__Desulfobulbus_A_451156 oralis	1.0
MJ007-1-barcode42-umi14897bins-ubs-20	d__Bacteria; p__Bacteroidota; c__Bacteroidia; o__Bacteroidales; f__Dysgonomonadaceae; g__; s__	1.0
G900128875	d__Bacteria; p__Firmicutes_D; c__Bacilli; o__Bacillales_B_302584; f__Bacillaceae_C; g__Weizmannia; s__Weizmannia coagulans	1.0
GB-GCA-014868765.1-WHEU01000011.1	d__Bacteria; p__Firmicutes_A; c__Clostridia_258483; o__Oscillospirales; f__Ruminococcaceae; g__Faecalibacterium; s__Faecalibacterium prausnitzii_C_71358	1.0
RS-GCF-900637825.1-NZ-LR134408.1--3	d__Bacteria; p__Actinobacteriota; c__Actinomycetia; o__Mycobacteriales; f__Mycobacteriaceae; g__Corynebacterium; s__	1.0
RS-GCF-003481765.1-NZ-QULR01000098.1	d__Bacteria; p__Firmicutes_A; c__Clostridia_258483; o__Lachnospirales; f__Lachnospiraceae; g__Enterocloster; s__Enterocloster sp000431375	1.0
AB910742	d__Bacteria; p__Firmicutes_A; c__Clostridia_258483; o__Oscillospirales; f__Ruminococcaceae; g__Ruminococcus_F; s__Ruminococcus_F champanellensis	1.0
RS-GCF-001190985.1-NZ-JPWX02000090.1	d__Bacteria; p__Actinobacteriota; c__Actinomycetia; o__Actinomycetales; f__Micrococcaceae; g__Kocuria; s__	1.0
MJ006-1-barcode37-umi59724bins-ubs-6	d__Bacteria; p__Firmicutes_A; c__Clostridia_258483; o__Oscillospirales; f__Oscillospiraceae_88309; g__Limivicinus; s__Limivicinus sp002320035	1.0
MJ031-2-barcode74-umi33277bins-ubs-12	d__Bacteria; p__Firmicutes_D; c__Bacilli; o__Lactobacillales; f__Lactobacillaceae; g__Limosilactobacillus; s__	1.0
MJ031-2-barcode60-umi48622bins-ubs-3	d__Bacteria; p__Firmicutes_A; c__Clostridia_258483; o__Clostridiales; f__Clostridiaceae_222000; g__Clostridium_T; s__Clostridium_T chartatabidum	1.0
GB-GCA-910575365.1-CAJTEP010000117.1	d__Bacteria; p__Firmicutes_A; c__Clostridia_258483; o__Lachnospirales; f__Lachnospiraceae; g__Clostridium_Q_134526; s__	1.0
RS-GCF-013096965.1-NZ-SDLG01000052.1	d__Bacteria; p__Firmicutes_D; c__Bacilli; o__Bacillales_B_306089; f__Anoxybacillaceae; g__Anoxybacillus_A_295174; s__	1.0
RS-GCF-018064205.1-NZ-CP072916.1	d__Bacteria; p__Proteobacteria; c__Gammaproteobacteria; o__Burkholderiales_592522; f__Burkholderiaceae_A_592522; g__Comamonas_F_589250; s__Comamonas_F_589250 aquatica	1.0
GB-GCA-910575055.1-CAJTDC010000020.1	d__Bacteria; p__Firmicutes_A; c__Clostridia_258483; o__Lachnospirales; f__Anaerotignaceae; g__Coprocola; s__Coprocola sp000364165	1.0
MJ009-1-barcode48-umi94446bins-ubs-4	d__Bacteria; p__Firmicutes_A; c__Clostridia_258483; o__Lachnospirales; f__Lachnospiraceae; g__; s__	1.0
GB-GCA-910574865.1-CAJTDN010000040.1	d__Bacteria; p__Firmicutes_A; c__Clostridia_258483; o__Lachnospirales; f__Lachnospiraceae; g__Luxibacter; s__	1.0
MJ010-2-barcode69-umi34227bins-ubs-15	d__Bacteria; p__Firmicutes_A; c__Clostridia_258483; o__Christensenellales; f__Borkfalkiaceae; g__Borkfalkia; s__	1.0
RS-GCF-009295755.1-NZ-WHJL01000045.1	d__Bacteria; p__Firmicutes_D; c__Bacilli; o__Lactobacillales; f__Lactobacillaceae; g__Limosilactobacillus; s__Limosilactobacillus fermentum	1.0
GB-GCA-910574185.1-CAJSZQ010000072.1	d__Bacteria; p__Firmicutes_A; c__Clostridia_258483; o__Lachnospirales; f__Lachnospiraceae; g__Lachnoclostridium_B; s__Lachnoclostridium_B sp000765215	1.0
MJ030-2-barcode73-umi94687bins-ubs-4	d__Bacteria; p__Firmicutes_A; c__Clostridia_258483; o__Oscillospirales; f__Oscillospiraceae_88309; g__Evtepia; s__	1.0
GB-GCA-016938915.1-JAFHBT010000232.1	d__Bacteria; p__Firmicutes_D; c__Bacilli; o__Lactobacillales; f__Lactobacillaceae; g__Limosilactobacillus; s__Limosilactobacillus mucosae	1.0
EF673695	d__Bacteria; p__Proteobacteria; c__Gammaproteobacteria; o__Pseudomonadales_650611; f__Pseudomonadaceae; g__Halopseudomonas_641337; s__Halopseudomonas pertucinogena	1.0
GB-GCA-015265395.1-JABZXT010000115.1	d__Bacteria; p__Fusobacteriota; c__Fusobacteriia; o__Fusobacteriales_993521; f__Fusobacteriaceae_993521; g__Fusobacterium_C; s__Fusobacterium_C periodonticum_D	1.0
RS-GCF-002895245.1-NZ-CP025988.1	d__Bacteria; p__Firmicutes_D; c__Bacilli; o__Lactobacillales; f__Lactobacillaceae; g__Lactiplantibacillus; s__Lactiplantibacillus plantarum_A_342131	1.0
MJ009-1-barcode35-umi100751bins-ubs-3	d__Bacteria; p__Firmicutes_D; c__Bacilli; o__Lactobacillales; f__Lactobacillaceae; g__Limosilactobacillus; s__Limosilactobacillus reuteri	1.0
GB-GCA-910574195.1-CAJTBF010000024.1	d__Bacteria; p__Firmicutes_A; c__Clostridia_258483; o__Lachnospirales; f__Lachnospiraceae; g__Schaedlerella; s__	1.0
RS-GCF-013096875.1-NZ-SDLD01000120.1	d__Bacteria; p__Firmicutes_D; c__Bacilli; o__Bacillales_B_306089; f__Anoxybacillaceae; g__Geobacillus; s__Geobacillus thermocatenulatus	1.0
RS-GCF-003461005.1-NZ-QTWG01000138.1	d__Bacteria; p__Firmicutes_A; c__Clostridia_258483; o__Lachnospirales; f__Lachnospiraceae; g__Mediterraneibacter_A_155507; s__Mediterraneibacter_A_155507 faecis	1.0
MJ009-1-barcode25-umi92723bins-ubs-3	d__Bacteria; p__Firmicutes_A; c__Clostridia_258483; o__Oscillospirales; f__Oscillospiraceae_88309; g__Enterenecus; s__	1.0
MJ009-1-barcode48-umi26695bins-ubs-13	d__Bacteria; p__Firmicutes_A; c__Clostridia_258483; o__Oscillospirales; f__UBA644; g__UBA644; s__UBA644 sp002299265	1.0
G003612585	d__Bacteria; p__Firmicutes_A; c__Clostridia_258483; o__Lachnospirales; f__Lachnospiraceae; g__Choladousia; s__Choladousia sp003612585	1.0
MJ006-1-barcode25-umi3433bins-ubs-31	d__Bacteria; p__Firmicutes_D; c__Bacilli; o__Lactobacillales; f__Streptococcaceae; g__Streptococcus; s__	1.0
AFUP01000004	d__Bacteria; p__Firmicutes_D; c__Bacilli; o__Lactobacillales; f__Streptococcaceae; g__Streptococcus; s__Streptococcus constellatus	1.0
GB-GCA-000468795.1-AWPJ01000352.1	d__Bacteria; p__Actinobacteriota; c__Actinomycetia; o__Actinomycetales; f__Bifidobacteriaceae; g__Bifidobacterium_388775; s__Bifidobacterium longum	1.0
RS-GCF-014267875.1-NZ-JACNZN010000127.1	d__Bacteria; p__Firmicutes_D; c__Bacilli; o__Bacillales_B_306089; f__Bacillaceae_H_294103; g__Bacillus_P_294101; s__	1.0
G000145515	d__Bacteria; p__Actinobacteriota; c__Actinomycetia; o__Propionibacteriales; f__Propionibacteriaceae; g__Cutibacterium; s__Cutibacterium acnes	1.0
GB-GCA-003762605.1-RIBA01000042.1	d__Bacteria; p__Bacteroidota; c__Bacteroidia; o__Bacteroidales; f__Bacteroidaceae; g__Bacteroides_H; s__Bacteroides_H acidifaciens	1.0
MJ009-1-barcode48-umi67660bins-ubs-5	d__Bacteria; p__Firmicutes_A; c__Clostridia_258483; o__; f__; g__; s__	1.0
RS-GCF-001014685.1-NZ-LAQN01000053.1	d__Bacteria; p__Firmicutes_D; c__Bacilli; o__Staphylococcales; f__Staphylococcaceae; g__Staphylococcus; s__Staphylococcus condimenti	1.0
MJ007-1-barcode38-umi14641bins-ubs-20	d__Bacteria; p__Firmicutes_D; c__Bacilli; o__Lactobacillales; f__Lactobacillaceae; g__Limosilactobacillus; s__Limosilactobacillus reuteri	1.0
MJ006-1-barcode39-umi54220bins-ubs-8	d__Bacteria; p__Firmicutes_D; c__Bacilli; o__Lactobacillales; f__Lactobacillaceae; g__Lacticaseibacillus; s__Lacticaseibacillus paracasei	1.0
HM165487	d__Bacteria; p__Actinobacteriota; c__Actinomycetia; o__Mycobacteriales; f__Mycobacteriaceae; g__Corynebacterium; s__Corynebacterium nuruki	1.0
RS-GCF-001066695.1-NZ-JUPZ01000056.1	d__Bacteria; p__Firmicutes_D; c__Bacilli; o__Lactobacillales; f__Lactobacillaceae; g__Lacticaseibacillus; s__Lacticaseibacillus casei	1.0
GB-GCA-011958945.1-BLLT01000252.1	d__Bacteria; p__Firmicutes_A; c__Clostridia_258483; o__Lachnospirales; f__Lachnospiraceae; g__Kineothrix; s__Kineothrix sp000403275	1.0
RS-GCF-002027295.1-NZ-MWVS01000186.1	d__Bacteria; p__Firmicutes_D; c__Bacilli; o__Lactobacillales; f__Lactobacillaceae; g__Limosilactobacillus; s__Limosilactobacillus reuteri	1.0
RS-GCF-002899655.1-NZ-POTQ01000026.1	d__Bacteria; p__Firmicutes_D; c__Bacilli; o__Lactobacillales; f__Lactobacillaceae; g__Limosilactobacillus; s__Limosilactobacillus fermentum	1.0
GB-GCA-910574345.1-CAJSZV010000006.1	d__Bacteria; p__Firmicutes_A; c__Clostridia_258483; o__Lachnospirales; f__Lachnospiraceae; g__Ventrimonas; s__Ventrimonas sp003611875	1.0
MJ032-2-barcode64-umi65457bins-ubs-6	d__Bacteria; p__Firmicutes_A; c__Clostridia_258483; o__Oscillospirales; f__Butyricicoccaceae; g__Pseudobutyricicoccus; s__Pseudobutyricicoccus sp003477405	1.0
RS-GCF-002220175.1-NZ-CP022373.1--5	d__Bacteria; p__Firmicutes_D; c__Bacilli; o__Lactobacillales; f__Lactobacillaceae; g__Lactiplantibacillus; s__Lactiplantibacillus plantarum_A_342131	1.0
GB-GCA-004563345.1-SFSL01000079.1	d__Bacteria; p__Actinobacteriota; c__Actinomycetia; o__Actinomycetales; f__Bifidobacteriaceae; g__Bifidobacterium_388775; s__Bifidobacterium animalis	1.0
MJ030-2-barcode73-umi110137bins-ubs-3	d__Bacteria; p__Firmicutes_A; c__Clostridia_258483; o__Oscillospirales; f__Oscillospiraceae_88309; g__Lawsonibacter; s__Lawsonibacter butyricus	1.0
GB-GCA-910573865.1-CAJTBA010000041.1	d__Bacteria; p__Bacteroidota; c__Bacteroidia; o__Bacteroidales; f__Bacteroidaceae; g__Bacteroides_H; s__Bacteroides_H rodentium	1.0
RS-GCF-002224675.1-NZ-NMPZ01000067.1	d__Bacteria; p__Bacteroidota; c__Bacteroidia; o__Bacteroidales; f__Bacteroidaceae; g__Prevotella; s__Prevotella copri	1.0
GB-GCA-910576435.1-CAJTIQ010000015.1	d__Bacteria; p__Firmicutes_A; c__Clostridia_258483; o__Lachnospirales; f__Lachnospiraceae; g__Merdisoma; s__Merdisoma sp011959465	1.0
RS-GCF-002212305.1-NZ-LYNU01000453.1	d__Bacteria; p__Proteobacteria; c__Gammaproteobacteria; o__Pseudomonadales_660879; f__Moraxellaceae; g__Acinetobacter; s__Acinetobacter baumannii	1.0
RS-GCF-006716385.1-NZ-CP033687.1--3	d__Bacteria; p__Firmicutes_D; c__Bacilli; o__Bacillales_B_302584; f__Bacillaceae_C; g__Weizmannia; s__Weizmannia coagulans	1.0
MJ031-1-barcode42-umi6827bins-ubs-69	d__Bacteria; p__Firmicutes_D; c__Bacilli; o__Lactobacillales; f__Carnobacteriaceae; g__Atopostipes; s__Atopostipes suicloacalis	1.0
MJ007-1-barcode48-umi34932bins-ubs-4	d__Bacteria; p__Firmicutes_D; c__Bacilli; o__Lactobacillales; f__Lactobacillaceae; g__Limosilactobacillus; s__Limosilactobacillus balticus	1.0
GB-GCA-004173415.1-SEHC01000638.1	d__Bacteria; p__Actinobacteriota; c__Actinomycetia; o__Propionibacteriales; f__Nocardioidaceae; g__Aeromicrobium; s__	1.0
GB-GCA-000980425.1-LARJ01000055.1	d__Bacteria; p__Firmicutes_A; c__Clostridia_258483; o__Lachnospirales; f__Lachnospiraceae; g__Eisenbergiella; s__	1.0
G902800615	d__Archaea; p__Methanobacteriota_A_1229; c__Methanobacteria; o__Methanobacteriales; f__Methanobacteriaceae; g__Methanobrevibacter_A; s__Methanobrevibacter_A sp900319985	1.0
G000800475	d__Bacteria; p__Actinobacteriota; c__Actinomycetia; o__Actinomycetales; f__Bifidobacteriaceae; g__Bifidobacterium_388775; s__Bifidobacterium globosum	1.0
G900100595	d__Bacteria; p__Firmicutes_A; c__Clostridia_258483; o__Oscillospirales; f__Acutalibacteraceae; g__Ruminococcus_E; s__Ruminococcus_E sp900100595	1.0
MJ007-1-barcode42-umi41661bins-ubs-3	d__Bacteria; p__Firmicutes_A; c__Clostridia_258483; o__Clostridiales; f__Clostridiaceae_222000; g__Clostridium_T; s__Clostridium_T disporicum_203972	1.0
GB-GCA-910575355.1-CAJTEC010000002.1	d__Bacteria; p__Firmicutes_A; c__Clostridia_258483; o__Lachnospirales; f__Lachnospiraceae; g__Merdisoma; s__Merdisoma sp011959465	1.0
MJ009-1-barcode25-umi48990bins-ubs-7	d__Bacteria; p__Firmicutes_A; c__Clostridia_258483; o__Oscillospirales; f__Oscillospiraceae_88309; g__Limivicinus; s__Limivicinus sp002320035	1.0
RS-GCF-013402775.1-NZ-CP058594.1--2	d__Bacteria; p__Firmicutes_D; c__Bacilli; o__Bacillales_B_302584; f__Bacillaceae_C; g__Weizmannia; s__Weizmannia coagulans	1.0
RS-GCF-001639165.1-NZ-LWSH01000068.1	d__Bacteria; p__Firmicutes_D; c__Bacilli; o__Lactobacillales; f__Lactobacillaceae; g__Lactobacillus; s__Lactobacillus acidophilus	1.0
GB-GCA-011960625.1-BLMJ01000155.1	d__Bacteria; p__Firmicutes_A; c__Clostridia_258483; o__Lachnospirales; f__Lachnospiraceae; g__Sporofaciens; s__Sporofaciens musculi	1.0
RS-GCF-001052115.1-NZ-JWDE01000118.1	d__Bacteria; p__Firmicutes_D; c__Bacilli; o__Staphylococcales; f__Gemellaceae; g__Gemella; s__Gemella sanguinis	1.0
MJ007-1-barcode38-umi21346bins-ubs-10	d__Bacteria; p__Firmicutes_D; c__Bacilli; o__Bacillales_A; f__Planococcaceae; g__Solibacillus; s__	1.0
GB-GCA-910579815.1-CAJTWV010000035.1	d__Bacteria; p__Firmicutes_A; c__Clostridia_258483; o__Peptostreptococcales; f__Anaerovoracaceae; g__Emergencia; s__Emergencia sp009935805	1.0
GB-GCA-002730895.1-PCBC01000015.1	d__Bacteria; p__Proteobacteria; c__Gammaproteobacteria; o__Burkholderiales_592524; f__Burkholderiaceae_A_580492; g__Cupriavidus; s__Cupriavidus pauculus	1.0
G000403295	d__Bacteria; p__Firmicutes_A; c__Clostridia_258483; o__Lachnospirales; f__Lachnospiraceae; g__Schaedlerella; s__Schaedlerella sp000403295	1.0
MJ009-1-barcode40-umi95344bins-ubs-4	d__Bacteria; p__Firmicutes_D; c__Bacilli; o__Staphylococcales; f__Salinicoccaceae; g__Salinicoccus; s__Salinicoccus sp001265075	1.0
DQ789120	d__Bacteria; p__Actinobacteriota; c__Coriobacteriia; o__Coriobacteriales; f__Eggerthellaceae; g__Adlercreutzia_404257; s__Adlercreutzia caecimuris	1.0
X81914	d__Bacteria; p__Actinobacteriota; c__Actinomycetia; o__Mycobacteriales; f__Mycobacteriaceae; g__Corynebacterium; s__Corynebacterium xerosis	1.0
RS-GCF-018784445.1-NZ-WQOH01000081.1	d__Bacteria; p__Firmicutes_A; c__Clostridia_258483; o__Oscillospirales; f__Ruminococcaceae; g__Gemmiger_A_73129; s__	1.0
MJ010-1-barcode48-umi71222bins-ubs-11	d__Bacteria; p__Firmicutes_B_370539; c__Peptococcia; o__Peptococcales; f__Peptococcaceae_369362; g__Peptococcus; s__Peptococcus niger	1.0
RS-GCF-012844345.1-NZ-CP051625.1	d__Bacteria; p__Proteobacteria; c__Gammaproteobacteria; o__Pseudomonadales_650611; f__Pseudomonadaceae; g__Pseudomonas_D_641376; s__	1.0
G000403315	d__Bacteria; p__Firmicutes_A; c__Clostridia_258483; o__Lachnospirales; f__Lachnospiraceae; g__14-2; s__14-2 sp000403315	1.0
RS-GCF-001704465.1-NZ-MCJG01000049.1	d__Bacteria; p__Firmicutes_D; c__Bacilli; o__Lactobacillales; f__Lactobacillaceae; g__Lactobacillus; s__Lactobacillus crispatus	1.0
RS-GCF-005864245.1-NZ-VBSZ01000035.1	d__Bacteria; p__Firmicutes_D; c__Bacilli; o__Lactobacillales; f__Lactobacillaceae; g__Lacticaseibacillus; s__Lacticaseibacillus rhamnosus	1.0
JQ778983	d__Bacteria; p__Bacteroidota; c__Bacteroidia; o__Bacteroidales; f__Bacteroidaceae; g__Prevotella; s__Prevotella jejuni	1.0
HQ877677	d__Bacteria; p__Firmicutes_A; c__Clostridia_258483; o__Lachnospirales; f__Lachnospiraceae; g__Lachnoanaerobaculum; s__Lachnoanaerobaculum orale	1.0
